Country Name,Country ISO3,Year,Indicator Name,Indicator Code,Value
#country+name,#country+code,#date+year,#indicator+name,#indicator+code,#indicator+value+num
Singapore,SGP,2021,Agricultural land (sq. km),AG.LND.AGRI.K2,6.6
Singapore,SGP,2020,Agricultural land (sq. km),AG.LND.AGRI.K2,6.6
Singapore,SGP,2019,Agricultural land (sq. km),AG.LND.AGRI.K2,6.6
Singapore,SGP,2018,Agricultural land (sq. km),AG.LND.AGRI.K2,6.6
Singapore,SGP,2017,Agricultural land (sq. km),AG.LND.AGRI.K2,6.6
Singapore,SGP,2016,Agricultural land (sq. km),AG.LND.AGRI.K2,6.6
Singapore,SGP,2015,Agricultural land (sq. km),AG.LND.AGRI.K2,6.6
Singapore,SGP,2014,Agricultural land (sq. km),AG.LND.AGRI.K2,6.6
Singapore,SGP,2013,Agricultural land (sq. km),AG.LND.AGRI.K2,6.7
Singapore,SGP,2012,Agricultural land (sq. km),AG.LND.AGRI.K2,7.3
Singapore,SGP,2011,Agricultural land (sq. km),AG.LND.AGRI.K2,7.3
Singapore,SGP,2010,Agricultural land (sq. km),AG.LND.AGRI.K2,7.4
Singapore,SGP,2009,Agricultural land (sq. km),AG.LND.AGRI.K2,7
Singapore,SGP,2008,Agricultural land (sq. km),AG.LND.AGRI.K2,7
Singapore,SGP,2007,Agricultural land (sq. km),AG.LND.AGRI.K2,8
Singapore,SGP,2006,Agricultural land (sq. km),AG.LND.AGRI.K2,7.5
Singapore,SGP,2005,Agricultural land (sq. km),AG.LND.AGRI.K2,7.6
Singapore,SGP,2004,Agricultural land (sq. km),AG.LND.AGRI.K2,8
Singapore,SGP,2003,Agricultural land (sq. km),AG.LND.AGRI.K2,8
Singapore,SGP,2002,Agricultural land (sq. km),AG.LND.AGRI.K2,12
Singapore,SGP,2001,Agricultural land (sq. km),AG.LND.AGRI.K2,12
Singapore,SGP,2000,Agricultural land (sq. km),AG.LND.AGRI.K2,12
Singapore,SGP,1999,Agricultural land (sq. km),AG.LND.AGRI.K2,12
Singapore,SGP,1998,Agricultural land (sq. km),AG.LND.AGRI.K2,12
Singapore,SGP,1997,Agricultural land (sq. km),AG.LND.AGRI.K2,12
Singapore,SGP,1996,Agricultural land (sq. km),AG.LND.AGRI.K2,12
Singapore,SGP,1995,Agricultural land (sq. km),AG.LND.AGRI.K2,12
Singapore,SGP,1994,Agricultural land (sq. km),AG.LND.AGRI.K2,12
Singapore,SGP,1993,Agricultural land (sq. km),AG.LND.AGRI.K2,12
Singapore,SGP,1992,Agricultural land (sq. km),AG.LND.AGRI.K2,12
Singapore,SGP,1991,Agricultural land (sq. km),AG.LND.AGRI.K2,12
Singapore,SGP,1990,Agricultural land (sq. km),AG.LND.AGRI.K2,20
Singapore,SGP,1989,Agricultural land (sq. km),AG.LND.AGRI.K2,20
Singapore,SGP,1988,Agricultural land (sq. km),AG.LND.AGRI.K2,30
Singapore,SGP,1987,Agricultural land (sq. km),AG.LND.AGRI.K2,30
Singapore,SGP,1986,Agricultural land (sq. km),AG.LND.AGRI.K2,40
Singapore,SGP,1985,Agricultural land (sq. km),AG.LND.AGRI.K2,50
Singapore,SGP,1984,Agricultural land (sq. km),AG.LND.AGRI.K2,60
Singapore,SGP,1983,Agricultural land (sq. km),AG.LND.AGRI.K2,60
Singapore,SGP,1982,Agricultural land (sq. km),AG.LND.AGRI.K2,60
Singapore,SGP,1981,Agricultural land (sq. km),AG.LND.AGRI.K2,70
Singapore,SGP,1980,Agricultural land (sq. km),AG.LND.AGRI.K2,80
Singapore,SGP,1979,Agricultural land (sq. km),AG.LND.AGRI.K2,80
Singapore,SGP,1978,Agricultural land (sq. km),AG.LND.AGRI.K2,80
Singapore,SGP,1977,Agricultural land (sq. km),AG.LND.AGRI.K2,80
Singapore,SGP,1976,Agricultural land (sq. km),AG.LND.AGRI.K2,80
Singapore,SGP,1975,Agricultural land (sq. km),AG.LND.AGRI.K2,80
Singapore,SGP,1974,Agricultural land (sq. km),AG.LND.AGRI.K2,90
Singapore,SGP,1973,Agricultural land (sq. km),AG.LND.AGRI.K2,110
Singapore,SGP,1972,Agricultural land (sq. km),AG.LND.AGRI.K2,110
Singapore,SGP,1971,Agricultural land (sq. km),AG.LND.AGRI.K2,100
Singapore,SGP,1970,Agricultural land (sq. km),AG.LND.AGRI.K2,120
Singapore,SGP,1969,Agricultural land (sq. km),AG.LND.AGRI.K2,120
Singapore,SGP,1968,Agricultural land (sq. km),AG.LND.AGRI.K2,120
Singapore,SGP,1967,Agricultural land (sq. km),AG.LND.AGRI.K2,130
Singapore,SGP,1966,Agricultural land (sq. km),AG.LND.AGRI.K2,130
Singapore,SGP,1965,Agricultural land (sq. km),AG.LND.AGRI.K2,130
Singapore,SGP,1964,Agricultural land (sq. km),AG.LND.AGRI.K2,130
Singapore,SGP,1963,Agricultural land (sq. km),AG.LND.AGRI.K2,130
Singapore,SGP,1962,Agricultural land (sq. km),AG.LND.AGRI.K2,140
Singapore,SGP,1961,Agricultural land (sq. km),AG.LND.AGRI.K2,140
Singapore,SGP,2022,Agricultural land (% of land area),AG.LND.AGRI.ZS,0.919220055710306
Singapore,SGP,2021,Agricultural land (% of land area),AG.LND.AGRI.ZS,0.919220055710306
Singapore,SGP,2020,Agricultural land (% of land area),AG.LND.AGRI.ZS,0.919220055710306
Singapore,SGP,2019,Agricultural land (% of land area),AG.LND.AGRI.ZS,0.921787709497207
Singapore,SGP,2018,Agricultural land (% of land area),AG.LND.AGRI.ZS,0.92436974789916
Singapore,SGP,2017,Agricultural land (% of land area),AG.LND.AGRI.ZS,0.926966292134832
Singapore,SGP,2016,Agricultural land (% of land area),AG.LND.AGRI.ZS,0.930888575458392
Singapore,SGP,2015,Agricultural land (% of land area),AG.LND.AGRI.ZS,0.930888575458392
Singapore,SGP,2014,Agricultural land (% of land area),AG.LND.AGRI.ZS,0.930888575458392
Singapore,SGP,2013,Agricultural land (% of land area),AG.LND.AGRI.ZS,0.947666195190948
Singapore,SGP,2012,Agricultural land (% of land area),AG.LND.AGRI.ZS,1.03399433427762
Singapore,SGP,2011,Agricultural land (% of land area),AG.LND.AGRI.ZS,1.03693181818182
Singapore,SGP,2010,Agricultural land (% of land area),AG.LND.AGRI.ZS,1.05413105413105
Singapore,SGP,2009,Agricultural land (% of land area),AG.LND.AGRI.ZS,1
Singapore,SGP,2008,Agricultural land (% of land area),AG.LND.AGRI.ZS,1
Singapore,SGP,2007,Agricultural land (% of land area),AG.LND.AGRI.ZS,1.15107913669065
Singapore,SGP,2006,Agricultural land (% of land area),AG.LND.AGRI.ZS,1.0806916426513
Singapore,SGP,2005,Agricultural land (% of land area),AG.LND.AGRI.ZS,1.10304789550073
Singapore,SGP,2004,Agricultural land (% of land area),AG.LND.AGRI.ZS,1.1611030478955
Singapore,SGP,2003,Agricultural land (% of land area),AG.LND.AGRI.ZS,1.16448326055313
Singapore,SGP,2002,Agricultural land (% of land area),AG.LND.AGRI.ZS,1.77777777777778
Singapore,SGP,2001,Agricultural land (% of land area),AG.LND.AGRI.ZS,1.7910447761194
Singapore,SGP,2000,Agricultural land (% of land area),AG.LND.AGRI.ZS,1.7910447761194
Singapore,SGP,1999,Agricultural land (% of land area),AG.LND.AGRI.ZS,1.7910447761194
Singapore,SGP,1998,Agricultural land (% of land area),AG.LND.AGRI.ZS,1.7910447761194
Singapore,SGP,1997,Agricultural land (% of land area),AG.LND.AGRI.ZS,1.7910447761194
Singapore,SGP,1996,Agricultural land (% of land area),AG.LND.AGRI.ZS,1.7910447761194
Singapore,SGP,1995,Agricultural land (% of land area),AG.LND.AGRI.ZS,1.7910447761194
Singapore,SGP,1994,Agricultural land (% of land area),AG.LND.AGRI.ZS,1.7910447761194
Singapore,SGP,1993,Agricultural land (% of land area),AG.LND.AGRI.ZS,1.7910447761194
Singapore,SGP,1992,Agricultural land (% of land area),AG.LND.AGRI.ZS,1.7910447761194
Singapore,SGP,1991,Agricultural land (% of land area),AG.LND.AGRI.ZS,1.7910447761194
Singapore,SGP,1990,Agricultural land (% of land area),AG.LND.AGRI.ZS,2.98507462686567
Singapore,SGP,1989,Agricultural land (% of land area),AG.LND.AGRI.ZS,2.98507462686567
Singapore,SGP,1988,Agricultural land (% of land area),AG.LND.AGRI.ZS,4.47761194029851
Singapore,SGP,1987,Agricultural land (% of land area),AG.LND.AGRI.ZS,4.47761194029851
Singapore,SGP,1986,Agricultural land (% of land area),AG.LND.AGRI.ZS,5.97014925373134
Singapore,SGP,1985,Agricultural land (% of land area),AG.LND.AGRI.ZS,7.46268656716418
Singapore,SGP,1984,Agricultural land (% of land area),AG.LND.AGRI.ZS,8.95522388059701
Singapore,SGP,1983,Agricultural land (% of land area),AG.LND.AGRI.ZS,8.95522388059701
Singapore,SGP,1982,Agricultural land (% of land area),AG.LND.AGRI.ZS,8.95522388059701
Singapore,SGP,1981,Agricultural land (% of land area),AG.LND.AGRI.ZS,10.4477611940298
Singapore,SGP,1980,Agricultural land (% of land area),AG.LND.AGRI.ZS,11.9402985074627
Singapore,SGP,1979,Agricultural land (% of land area),AG.LND.AGRI.ZS,11.9402985074627
Singapore,SGP,1978,Agricultural land (% of land area),AG.LND.AGRI.ZS,11.9402985074627
Singapore,SGP,1977,Agricultural land (% of land area),AG.LND.AGRI.ZS,11.9402985074627
Singapore,SGP,1976,Agricultural land (% of land area),AG.LND.AGRI.ZS,11.9402985074627
Singapore,SGP,1975,Agricultural land (% of land area),AG.LND.AGRI.ZS,11.9402985074627
Singapore,SGP,1974,Agricultural land (% of land area),AG.LND.AGRI.ZS,13.4328358208955
Singapore,SGP,1973,Agricultural land (% of land area),AG.LND.AGRI.ZS,16.4179104477612
Singapore,SGP,1972,Agricultural land (% of land area),AG.LND.AGRI.ZS,16.4179104477612
Singapore,SGP,1971,Agricultural land (% of land area),AG.LND.AGRI.ZS,14.9253731343284
Singapore,SGP,1970,Agricultural land (% of land area),AG.LND.AGRI.ZS,17.910447761194
Singapore,SGP,1969,Agricultural land (% of land area),AG.LND.AGRI.ZS,17.910447761194
Singapore,SGP,1968,Agricultural land (% of land area),AG.LND.AGRI.ZS,17.910447761194
Singapore,SGP,1967,Agricultural land (% of land area),AG.LND.AGRI.ZS,19.4029850746269
Singapore,SGP,1966,Agricultural land (% of land area),AG.LND.AGRI.ZS,19.4029850746269
Singapore,SGP,1965,Agricultural land (% of land area),AG.LND.AGRI.ZS,19.4029850746269
Singapore,SGP,1964,Agricultural land (% of land area),AG.LND.AGRI.ZS,19.4029850746269
Singapore,SGP,1963,Agricultural land (% of land area),AG.LND.AGRI.ZS,19.4029850746269
Singapore,SGP,1962,Agricultural land (% of land area),AG.LND.AGRI.ZS,20.8955223880597
Singapore,SGP,1961,Agricultural land (% of land area),AG.LND.AGRI.ZS,20.8955223880597
Singapore,SGP,2022,Arable land (% of land area),AG.LND.ARBL.ZS,0.779944289693593
Singapore,SGP,2021,Arable land (% of land area),AG.LND.ARBL.ZS,0.779944289693593
Singapore,SGP,2020,Arable land (% of land area),AG.LND.ARBL.ZS,0.779944289693593
Singapore,SGP,2019,Arable land (% of land area),AG.LND.ARBL.ZS,0.782122905027933
Singapore,SGP,2018,Arable land (% of land area),AG.LND.ARBL.ZS,0.784313725490196
Singapore,SGP,2017,Arable land (% of land area),AG.LND.ARBL.ZS,0.786516853932584
Singapore,SGP,2016,Arable land (% of land area),AG.LND.ARBL.ZS,0.78984485190409
Singapore,SGP,2015,Arable land (% of land area),AG.LND.ARBL.ZS,0.78984485190409
Singapore,SGP,2014,Arable land (% of land area),AG.LND.ARBL.ZS,0.78984485190409
Singapore,SGP,2013,Arable land (% of land area),AG.LND.ARBL.ZS,0.806223479490806
Singapore,SGP,2012,Arable land (% of land area),AG.LND.ARBL.ZS,0.892351274787535
Singapore,SGP,2011,Arable land (% of land area),AG.LND.ARBL.ZS,0.894886363636364
Singapore,SGP,2010,Arable land (% of land area),AG.LND.ARBL.ZS,0.911680911680912
Singapore,SGP,2009,Arable land (% of land area),AG.LND.ARBL.ZS,0.857142857142857
Singapore,SGP,2008,Arable land (% of land area),AG.LND.ARBL.ZS,0.857142857142857
Singapore,SGP,2007,Arable land (% of land area),AG.LND.ARBL.ZS,1.00719424460432
Singapore,SGP,2006,Arable land (% of land area),AG.LND.ARBL.ZS,0.936599423631124
Singapore,SGP,2005,Arable land (% of land area),AG.LND.ARBL.ZS,0.957910014513788
Singapore,SGP,2004,Arable land (% of land area),AG.LND.ARBL.ZS,1.01596516690856
Singapore,SGP,2003,Arable land (% of land area),AG.LND.ARBL.ZS,0.873362445414847
Singapore,SGP,2002,Arable land (% of land area),AG.LND.ARBL.ZS,1.48148148148148
Singapore,SGP,2001,Arable land (% of land area),AG.LND.ARBL.ZS,1.49253731343284
Singapore,SGP,2000,Arable land (% of land area),AG.LND.ARBL.ZS,1.49253731343284
Singapore,SGP,1999,Arable land (% of land area),AG.LND.ARBL.ZS,1.49253731343284
Singapore,SGP,1998,Arable land (% of land area),AG.LND.ARBL.ZS,1.49253731343284
Singapore,SGP,1997,Arable land (% of land area),AG.LND.ARBL.ZS,1.49253731343284
Singapore,SGP,1996,Arable land (% of land area),AG.LND.ARBL.ZS,1.49253731343284
Singapore,SGP,1995,Arable land (% of land area),AG.LND.ARBL.ZS,1.49253731343284
Singapore,SGP,1994,Arable land (% of land area),AG.LND.ARBL.ZS,1.49253731343284
Singapore,SGP,1993,Arable land (% of land area),AG.LND.ARBL.ZS,1.49253731343284
Singapore,SGP,1992,Arable land (% of land area),AG.LND.ARBL.ZS,1.49253731343284
Singapore,SGP,1991,Arable land (% of land area),AG.LND.ARBL.ZS,1.49253731343284
Singapore,SGP,1990,Arable land (% of land area),AG.LND.ARBL.ZS,1.49253731343284
Singapore,SGP,1989,Arable land (% of land area),AG.LND.ARBL.ZS,1.49253731343284
Singapore,SGP,1988,Arable land (% of land area),AG.LND.ARBL.ZS,2.98507462686567
Singapore,SGP,1987,Arable land (% of land area),AG.LND.ARBL.ZS,2.98507462686567
Singapore,SGP,1986,Arable land (% of land area),AG.LND.ARBL.ZS,2.98507462686567
Singapore,SGP,1985,Arable land (% of land area),AG.LND.ARBL.ZS,2.98507462686567
Singapore,SGP,1984,Arable land (% of land area),AG.LND.ARBL.ZS,2.98507462686567
Singapore,SGP,1983,Arable land (% of land area),AG.LND.ARBL.ZS,2.98507462686567
Singapore,SGP,1982,Arable land (% of land area),AG.LND.ARBL.ZS,2.98507462686567
Singapore,SGP,1981,Arable land (% of land area),AG.LND.ARBL.ZS,2.98507462686567
Singapore,SGP,1980,Arable land (% of land area),AG.LND.ARBL.ZS,2.98507462686567
Singapore,SGP,1979,Arable land (% of land area),AG.LND.ARBL.ZS,2.98507462686567
Singapore,SGP,1978,Arable land (% of land area),AG.LND.ARBL.ZS,2.98507462686567
Singapore,SGP,1977,Arable land (% of land area),AG.LND.ARBL.ZS,2.98507462686567
Singapore,SGP,1976,Arable land (% of land area),AG.LND.ARBL.ZS,2.98507462686567
Singapore,SGP,1975,Arable land (% of land area),AG.LND.ARBL.ZS,2.98507462686567
Singapore,SGP,1974,Arable land (% of land area),AG.LND.ARBL.ZS,2.98507462686567
Singapore,SGP,1973,Arable land (% of land area),AG.LND.ARBL.ZS,4.47761194029851
Singapore,SGP,1972,Arable land (% of land area),AG.LND.ARBL.ZS,4.47761194029851
Singapore,SGP,1971,Arable land (% of land area),AG.LND.ARBL.ZS,2.98507462686567
Singapore,SGP,1970,Arable land (% of land area),AG.LND.ARBL.ZS,5.97014925373134
Singapore,SGP,1969,Arable land (% of land area),AG.LND.ARBL.ZS,4.47761194029851
Singapore,SGP,1968,Arable land (% of land area),AG.LND.ARBL.ZS,4.47761194029851
Singapore,SGP,1967,Arable land (% of land area),AG.LND.ARBL.ZS,5.97014925373134
Singapore,SGP,1966,Arable land (% of land area),AG.LND.ARBL.ZS,5.97014925373134
Singapore,SGP,1965,Arable land (% of land area),AG.LND.ARBL.ZS,5.97014925373134
Singapore,SGP,1964,Arable land (% of land area),AG.LND.ARBL.ZS,5.97014925373134
Singapore,SGP,1963,Arable land (% of land area),AG.LND.ARBL.ZS,5.97014925373134
Singapore,SGP,1962,Arable land (% of land area),AG.LND.ARBL.ZS,5.97014925373134
Singapore,SGP,1961,Arable land (% of land area),AG.LND.ARBL.ZS,4.47761194029851
Singapore,SGP,2015,Rural land area where elevation is below 5 meters (sq. km),AG.LND.EL5M.RU.K2,43.8150493208
Singapore,SGP,2000,Rural land area where elevation is below 5 meters (sq. km),AG.LND.EL5M.RU.K2,46.1211468288
Singapore,SGP,1990,Rural land area where elevation is below 5 meters (sq. km),AG.LND.EL5M.RU.K2,48.61974287
Singapore,SGP,2015,Rural land area where elevation is below 5 meters (% of total land area),AG.LND.EL5M.RU.ZS,6.59620407187911
Singapore,SGP,2000,Rural land area where elevation is below 5 meters (% of total land area),AG.LND.EL5M.RU.ZS,6.94337907243413
Singapore,SGP,1990,Rural land area where elevation is below 5 meters (% of total land area),AG.LND.EL5M.RU.ZS,7.319534061113
Singapore,SGP,2015,Urban land area where elevation is below 5 meters (sq. km),AG.LND.EL5M.UR.K2,20.994755777122
Singapore,SGP,2000,Urban land area where elevation is below 5 meters (sq. km),AG.LND.EL5M.UR.K2,18.688658269078
Singapore,SGP,1990,Urban land area where elevation is below 5 meters (sq. km),AG.LND.EL5M.UR.K2,16.19006222786
Singapore,SGP,2015,Urban land area where elevation is below 5 meters (% of total land area),AG.LND.EL5M.UR.ZS,3.16068783881107
Singapore,SGP,2000,Urban land area where elevation is below 5 meters (% of total land area),AG.LND.EL5M.UR.ZS,2.81351283824452
Singapore,SGP,1990,Urban land area where elevation is below 5 meters (% of total land area),AG.LND.EL5M.UR.ZS,2.43735784957187
Singapore,SGP,2015,Land area where elevation is below 5 meters (% of total land area),AG.LND.EL5M.ZS,9.75689191069018
Singapore,SGP,2000,Land area where elevation is below 5 meters (% of total land area),AG.LND.EL5M.ZS,9.75689191067865
Singapore,SGP,1990,Land area where elevation is below 5 meters (% of total land area),AG.LND.EL5M.ZS,9.75689191068487
Singapore,SGP,2022,Forest area (sq. km),AG.LND.FRST.K2,152.1
Singapore,SGP,2021,Forest area (sq. km),AG.LND.FRST.K2,153.9
Singapore,SGP,2020,Forest area (sq. km),AG.LND.FRST.K2,155.7
Singapore,SGP,2019,Forest area (sq. km),AG.LND.FRST.K2,157.5
Singapore,SGP,2018,Forest area (sq. km),AG.LND.FRST.K2,159.3
Singapore,SGP,2017,Forest area (sq. km),AG.LND.FRST.K2,161.1
Singapore,SGP,2016,Forest area (sq. km),AG.LND.FRST.K2,162.855
Singapore,SGP,2015,Forest area (sq. km),AG.LND.FRST.K2,164.714
Singapore,SGP,2014,Forest area (sq. km),AG.LND.FRST.K2,167.252
Singapore,SGP,2013,Forest area (sq. km),AG.LND.FRST.K2,169.79
Singapore,SGP,2012,Forest area (sq. km),AG.LND.FRST.K2,172.328
Singapore,SGP,2011,Forest area (sq. km),AG.LND.FRST.K2,174.866
Singapore,SGP,2010,Forest area (sq. km),AG.LND.FRST.K2,177.404
Singapore,SGP,2009,Forest area (sq. km),AG.LND.FRST.K2,176.677
Singapore,SGP,2008,Forest area (sq. km),AG.LND.FRST.K2,175.95
Singapore,SGP,2007,Forest area (sq. km),AG.LND.FRST.K2,175.223
Singapore,SGP,2006,Forest area (sq. km),AG.LND.FRST.K2,174.496
Singapore,SGP,2005,Forest area (sq. km),AG.LND.FRST.K2,173.769
Singapore,SGP,2004,Forest area (sq. km),AG.LND.FRST.K2,173.042
Singapore,SGP,2003,Forest area (sq. km),AG.LND.FRST.K2,172.315
Singapore,SGP,2002,Forest area (sq. km),AG.LND.FRST.K2,171.588
Singapore,SGP,2001,Forest area (sq. km),AG.LND.FRST.K2,170.861
Singapore,SGP,2000,Forest area (sq. km),AG.LND.FRST.K2,170.135
Singapore,SGP,1999,Forest area (sq. km),AG.LND.FRST.K2,167.948
Singapore,SGP,1998,Forest area (sq. km),AG.LND.FRST.K2,165.762
Singapore,SGP,1997,Forest area (sq. km),AG.LND.FRST.K2,163.575
Singapore,SGP,1996,Forest area (sq. km),AG.LND.FRST.K2,161.389
Singapore,SGP,1995,Forest area (sq. km),AG.LND.FRST.K2,159.202
Singapore,SGP,1994,Forest area (sq. km),AG.LND.FRST.K2,157.015
Singapore,SGP,1993,Forest area (sq. km),AG.LND.FRST.K2,154.829
Singapore,SGP,1992,Forest area (sq. km),AG.LND.FRST.K2,152.642
Singapore,SGP,1991,Forest area (sq. km),AG.LND.FRST.K2,150.456
Singapore,SGP,1990,Forest area (sq. km),AG.LND.FRST.K2,148.269
Singapore,SGP,2022,Forest area (% of land area),AG.LND.FRST.ZS,21.1838440111421
Singapore,SGP,2021,Forest area (% of land area),AG.LND.FRST.ZS,21.4345403899721
Singapore,SGP,2020,Forest area (% of land area),AG.LND.FRST.ZS,21.6852367688022
Singapore,SGP,2019,Forest area (% of land area),AG.LND.FRST.ZS,21.9972067039106
Singapore,SGP,2018,Forest area (% of land area),AG.LND.FRST.ZS,22.3109243697479
Singapore,SGP,2017,Forest area (% of land area),AG.LND.FRST.ZS,22.626404494382
Singapore,SGP,2016,Forest area (% of land area),AG.LND.FRST.ZS,22.9696755994358
Singapore,SGP,2015,Forest area (% of land area),AG.LND.FRST.ZS,23.2318758815233
Singapore,SGP,2014,Forest area (% of land area),AG.LND.FRST.ZS,23.5898448519041
Singapore,SGP,2013,Forest area (% of land area),AG.LND.FRST.ZS,24.015558698727
Singapore,SGP,2012,Forest area (% of land area),AG.LND.FRST.ZS,24.4090651558074
Singapore,SGP,2011,Forest area (% of land area),AG.LND.FRST.ZS,24.8389204545455
Singapore,SGP,2010,Forest area (% of land area),AG.LND.FRST.ZS,25.2712250712251
Singapore,SGP,2009,Forest area (% of land area),AG.LND.FRST.ZS,25.2395714285714
Singapore,SGP,2008,Forest area (% of land area),AG.LND.FRST.ZS,25.1357142857143
Singapore,SGP,2007,Forest area (% of land area),AG.LND.FRST.ZS,25.2119424460432
Singapore,SGP,2006,Forest area (% of land area),AG.LND.FRST.ZS,25.1435158501441
Singapore,SGP,2005,Forest area (% of land area),AG.LND.FRST.ZS,25.2204644412192
Singapore,SGP,2004,Forest area (% of land area),AG.LND.FRST.ZS,25.1149492017417
Singapore,SGP,2003,Forest area (% of land area),AG.LND.FRST.ZS,25.0822416302766
Singapore,SGP,2002,Forest area (% of land area),AG.LND.FRST.ZS,25.4204444444444
Singapore,SGP,2001,Forest area (% of land area),AG.LND.FRST.ZS,25.5016417910448
Singapore,SGP,2000,Forest area (% of land area),AG.LND.FRST.ZS,25.3932835820895
Singapore,SGP,1999,Forest area (% of land area),AG.LND.FRST.ZS,25.0668656716418
Singapore,SGP,1998,Forest area (% of land area),AG.LND.FRST.ZS,24.7405970149254
Singapore,SGP,1997,Forest area (% of land area),AG.LND.FRST.ZS,24.4141791044776
Singapore,SGP,1996,Forest area (% of land area),AG.LND.FRST.ZS,24.0879104477612
Singapore,SGP,1995,Forest area (% of land area),AG.LND.FRST.ZS,23.7614925373134
Singapore,SGP,1994,Forest area (% of land area),AG.LND.FRST.ZS,23.4350746268657
Singapore,SGP,1993,Forest area (% of land area),AG.LND.FRST.ZS,23.1088059701493
Singapore,SGP,1992,Forest area (% of land area),AG.LND.FRST.ZS,22.7823880597015
Singapore,SGP,1991,Forest area (% of land area),AG.LND.FRST.ZS,22.4561194029851
Singapore,SGP,1990,Forest area (% of land area),AG.LND.FRST.ZS,22.1297014925373
Singapore,SGP,2021,Average precipitation in depth (mm per year),AG.LND.PRCP.MM,2497
Singapore,SGP,2020,Average precipitation in depth (mm per year),AG.LND.PRCP.MM,2497
Singapore,SGP,2019,Average precipitation in depth (mm per year),AG.LND.PRCP.MM,2497
Singapore,SGP,2018,Average precipitation in depth (mm per year),AG.LND.PRCP.MM,2497
Singapore,SGP,2017,Average precipitation in depth (mm per year),AG.LND.PRCP.MM,2497
Singapore,SGP,2016,Average precipitation in depth (mm per year),AG.LND.PRCP.MM,2497
Singapore,SGP,2015,Average precipitation in depth (mm per year),AG.LND.PRCP.MM,2497
Singapore,SGP,2014,Average precipitation in depth (mm per year),AG.LND.PRCP.MM,2497
Singapore,SGP,2013,Average precipitation in depth (mm per year),AG.LND.PRCP.MM,2497
Singapore,SGP,2012,Average precipitation in depth (mm per year),AG.LND.PRCP.MM,2497
Singapore,SGP,2011,Average precipitation in depth (mm per year),AG.LND.PRCP.MM,2497
Singapore,SGP,2010,Average precipitation in depth (mm per year),AG.LND.PRCP.MM,2497
Singapore,SGP,2009,Average precipitation in depth (mm per year),AG.LND.PRCP.MM,2497
Singapore,SGP,2008,Average precipitation in depth (mm per year),AG.LND.PRCP.MM,2497
Singapore,SGP,2007,Average precipitation in depth (mm per year),AG.LND.PRCP.MM,2497
Singapore,SGP,2006,Average precipitation in depth (mm per year),AG.LND.PRCP.MM,2497
Singapore,SGP,2005,Average precipitation in depth (mm per year),AG.LND.PRCP.MM,2497
Singapore,SGP,2004,Average precipitation in depth (mm per year),AG.LND.PRCP.MM,2497
Singapore,SGP,2003,Average precipitation in depth (mm per year),AG.LND.PRCP.MM,2497
Singapore,SGP,2002,Average precipitation in depth (mm per year),AG.LND.PRCP.MM,2497
Singapore,SGP,2001,Average precipitation in depth (mm per year),AG.LND.PRCP.MM,2497
Singapore,SGP,2000,Average precipitation in depth (mm per year),AG.LND.PRCP.MM,2497
Singapore,SGP,1999,Average precipitation in depth (mm per year),AG.LND.PRCP.MM,2497
Singapore,SGP,1998,Average precipitation in depth (mm per year),AG.LND.PRCP.MM,2497
Singapore,SGP,1997,Average precipitation in depth (mm per year),AG.LND.PRCP.MM,2497
Singapore,SGP,1996,Average precipitation in depth (mm per year),AG.LND.PRCP.MM,2497
Singapore,SGP,1995,Average precipitation in depth (mm per year),AG.LND.PRCP.MM,2497
Singapore,SGP,1994,Average precipitation in depth (mm per year),AG.LND.PRCP.MM,2497
Singapore,SGP,1993,Average precipitation in depth (mm per year),AG.LND.PRCP.MM,2497
Singapore,SGP,1992,Average precipitation in depth (mm per year),AG.LND.PRCP.MM,2497
Singapore,SGP,1991,Average precipitation in depth (mm per year),AG.LND.PRCP.MM,2497
Singapore,SGP,1990,Average precipitation in depth (mm per year),AG.LND.PRCP.MM,2497
Singapore,SGP,1989,Average precipitation in depth (mm per year),AG.LND.PRCP.MM,2497
Singapore,SGP,1988,Average precipitation in depth (mm per year),AG.LND.PRCP.MM,2497
Singapore,SGP,1987,Average precipitation in depth (mm per year),AG.LND.PRCP.MM,2497
Singapore,SGP,1986,Average precipitation in depth (mm per year),AG.LND.PRCP.MM,2497
Singapore,SGP,1985,Average precipitation in depth (mm per year),AG.LND.PRCP.MM,2497
Singapore,SGP,1984,Average precipitation in depth (mm per year),AG.LND.PRCP.MM,2497
Singapore,SGP,1983,Average precipitation in depth (mm per year),AG.LND.PRCP.MM,2497
Singapore,SGP,1982,Average precipitation in depth (mm per year),AG.LND.PRCP.MM,2497
Singapore,SGP,1981,Average precipitation in depth (mm per year),AG.LND.PRCP.MM,2497
Singapore,SGP,1980,Average precipitation in depth (mm per year),AG.LND.PRCP.MM,2497
Singapore,SGP,1979,Average precipitation in depth (mm per year),AG.LND.PRCP.MM,2497
Singapore,SGP,1978,Average precipitation in depth (mm per year),AG.LND.PRCP.MM,2497
Singapore,SGP,1977,Average precipitation in depth (mm per year),AG.LND.PRCP.MM,2497
Singapore,SGP,1976,Average precipitation in depth (mm per year),AG.LND.PRCP.MM,2497
Singapore,SGP,1975,Average precipitation in depth (mm per year),AG.LND.PRCP.MM,2497
Singapore,SGP,1974,Average precipitation in depth (mm per year),AG.LND.PRCP.MM,2497
Singapore,SGP,1973,Average precipitation in depth (mm per year),AG.LND.PRCP.MM,2497
Singapore,SGP,1972,Average precipitation in depth (mm per year),AG.LND.PRCP.MM,2497
Singapore,SGP,1971,Average precipitation in depth (mm per year),AG.LND.PRCP.MM,2497
Singapore,SGP,1970,Average precipitation in depth (mm per year),AG.LND.PRCP.MM,2497
Singapore,SGP,1969,Average precipitation in depth (mm per year),AG.LND.PRCP.MM,2497
Singapore,SGP,1968,Average precipitation in depth (mm per year),AG.LND.PRCP.MM,2497
Singapore,SGP,1967,Average precipitation in depth (mm per year),AG.LND.PRCP.MM,2497
Singapore,SGP,1966,Average precipitation in depth (mm per year),AG.LND.PRCP.MM,2497
Singapore,SGP,1965,Average precipitation in depth (mm per year),AG.LND.PRCP.MM,2497
Singapore,SGP,1964,Average precipitation in depth (mm per year),AG.LND.PRCP.MM,2497
Singapore,SGP,1963,Average precipitation in depth (mm per year),AG.LND.PRCP.MM,2497
Singapore,SGP,1962,Average precipitation in depth (mm per year),AG.LND.PRCP.MM,2497
Singapore,SGP,1961,Average precipitation in depth (mm per year),AG.LND.PRCP.MM,2497
Singapore,SGP,2023,"Foreign direct investment, net inflows (% of GDP)",BX.KLT.DINV.WD.GD.ZS,34.9485153079274
Singapore,SGP,2022,"Foreign direct investment, net inflows (% of GDP)",BX.KLT.DINV.WD.GD.ZS,29.8437975950876
Singapore,SGP,2021,"Foreign direct investment, net inflows (% of GDP)",BX.KLT.DINV.WD.GD.ZS,31.6207400179128
Singapore,SGP,2020,"Foreign direct investment, net inflows (% of GDP)",BX.KLT.DINV.WD.GD.ZS,23.1003005183608
Singapore,SGP,2019,"Foreign direct investment, net inflows (% of GDP)",BX.KLT.DINV.WD.GD.ZS,28.0949935764636
Singapore,SGP,2018,"Foreign direct investment, net inflows (% of GDP)",BX.KLT.DINV.WD.GD.ZS,21.7592915016982
Singapore,SGP,2017,"Foreign direct investment, net inflows (% of GDP)",BX.KLT.DINV.WD.GD.ZS,29.7636517525701
Singapore,SGP,2016,"Foreign direct investment, net inflows (% of GDP)",BX.KLT.DINV.WD.GD.ZS,20.4865236102582
Singapore,SGP,2015,"Foreign direct investment, net inflows (% of GDP)",BX.KLT.DINV.WD.GD.ZS,22.6541826890492
Singapore,SGP,2014,"Foreign direct investment, net inflows (% of GDP)",BX.KLT.DINV.WD.GD.ZS,21.8184880782679
Singapore,SGP,2013,"Foreign direct investment, net inflows (% of GDP)",BX.KLT.DINV.WD.GD.ZS,20.9344810446532
Singapore,SGP,2012,"Foreign direct investment, net inflows (% of GDP)",BX.KLT.DINV.WD.GD.ZS,18.7435244231802
Singapore,SGP,2011,"Foreign direct investment, net inflows (% of GDP)",BX.KLT.DINV.WD.GD.ZS,17.5960314065855
Singapore,SGP,2010,"Foreign direct investment, net inflows (% of GDP)",BX.KLT.DINV.WD.GD.ZS,23.0694716770803
Singapore,SGP,2009,"Foreign direct investment, net inflows (% of GDP)",BX.KLT.DINV.WD.GD.ZS,12.0710944143275
Singapore,SGP,2008,"Foreign direct investment, net inflows (% of GDP)",BX.KLT.DINV.WD.GD.ZS,7.02328608228291
Singapore,SGP,2007,"Foreign direct investment, net inflows (% of GDP)",BX.KLT.DINV.WD.GD.ZS,26.1619888768056
Singapore,SGP,2006,"Foreign direct investment, net inflows (% of GDP)",BX.KLT.DINV.WD.GD.ZS,26.3271523046736
Singapore,SGP,2005,"Foreign direct investment, net inflows (% of GDP)",BX.KLT.DINV.WD.GD.ZS,15.1133588478776
Singapore,SGP,2004,"Foreign direct investment, net inflows (% of GDP)",BX.KLT.DINV.WD.GD.ZS,21.2027237505542
Singapore,SGP,2003,"Foreign direct investment, net inflows (% of GDP)",BX.KLT.DINV.WD.GD.ZS,17.4624153696896
Singapore,SGP,2002,"Foreign direct investment, net inflows (% of GDP)",BX.KLT.DINV.WD.GD.ZS,6.65366588247058
Singapore,SGP,2001,"Foreign direct investment, net inflows (% of GDP)",BX.KLT.DINV.WD.GD.ZS,18.9398606857353
Singapore,SGP,2000,"Foreign direct investment, net inflows (% of GDP)",BX.KLT.DINV.WD.GD.ZS,16.148890451527
Singapore,SGP,1999,"Foreign direct investment, net inflows (% of GDP)",BX.KLT.DINV.WD.GD.ZS,21.8492034558928
Singapore,SGP,1998,"Foreign direct investment, net inflows (% of GDP)",BX.KLT.DINV.WD.GD.ZS,6.95062480351291
Singapore,SGP,1997,"Foreign direct investment, net inflows (% of GDP)",BX.KLT.DINV.WD.GD.ZS,15.6823709085457
Singapore,SGP,1996,"Foreign direct investment, net inflows (% of GDP)",BX.KLT.DINV.WD.GD.ZS,11.8724659997364
Singapore,SGP,1995,"Foreign direct investment, net inflows (% of GDP)",BX.KLT.DINV.WD.GD.ZS,13.6003946544885
Singapore,SGP,1994,"Foreign direct investment, net inflows (% of GDP)",BX.KLT.DINV.WD.GD.ZS,11.6030848586318
Singapore,SGP,1993,"Foreign direct investment, net inflows (% of GDP)",BX.KLT.DINV.WD.GD.ZS,7.73270125338355
Singapore,SGP,1992,"Foreign direct investment, net inflows (% of GDP)",BX.KLT.DINV.WD.GD.ZS,4.22844121278652
Singapore,SGP,1991,"Foreign direct investment, net inflows (% of GDP)",BX.KLT.DINV.WD.GD.ZS,10.7488600422674
Singapore,SGP,1990,"Foreign direct investment, net inflows (% of GDP)",BX.KLT.DINV.WD.GD.ZS,15.4235472379856
Singapore,SGP,1989,"Foreign direct investment, net inflows (% of GDP)",BX.KLT.DINV.WD.GD.ZS,9.47499553012531
Singapore,SGP,1988,"Foreign direct investment, net inflows (% of GDP)",BX.KLT.DINV.WD.GD.ZS,14.4051395946458
Singapore,SGP,1987,"Foreign direct investment, net inflows (% of GDP)",BX.KLT.DINV.WD.GD.ZS,13.5578926036223
Singapore,SGP,1986,"Foreign direct investment, net inflows (% of GDP)",BX.KLT.DINV.WD.GD.ZS,9.20162995625447
Singapore,SGP,1985,"Foreign direct investment, net inflows (% of GDP)",BX.KLT.DINV.WD.GD.ZS,5.46417677336253
Singapore,SGP,1984,"Foreign direct investment, net inflows (% of GDP)",BX.KLT.DINV.WD.GD.ZS,6.59196673143056
Singapore,SGP,1983,"Foreign direct investment, net inflows (% of GDP)",BX.KLT.DINV.WD.GD.ZS,6.37594925354328
Singapore,SGP,1982,"Foreign direct investment, net inflows (% of GDP)",BX.KLT.DINV.WD.GD.ZS,9.95912280287286
Singapore,SGP,1981,"Foreign direct investment, net inflows (% of GDP)",BX.KLT.DINV.WD.GD.ZS,11.7103417060639
Singapore,SGP,1980,"Foreign direct investment, net inflows (% of GDP)",BX.KLT.DINV.WD.GD.ZS,10.3877283805227
Singapore,SGP,1979,"Foreign direct investment, net inflows (% of GDP)",BX.KLT.DINV.WD.GD.ZS,8.99256617445563
Singapore,SGP,1978,"Foreign direct investment, net inflows (% of GDP)",BX.KLT.DINV.WD.GD.ZS,3.98964635197497
Singapore,SGP,1977,"Foreign direct investment, net inflows (% of GDP)",BX.KLT.DINV.WD.GD.ZS,4.40373752423198
Singapore,SGP,1976,"Foreign direct investment, net inflows (% of GDP)",BX.KLT.DINV.WD.GD.ZS,3.64608469550863
Singapore,SGP,1975,"Foreign direct investment, net inflows (% of GDP)",BX.KLT.DINV.WD.GD.ZS,5.17997765554911
Singapore,SGP,1974,"Foreign direct investment, net inflows (% of GDP)",BX.KLT.DINV.WD.GD.ZS,6.51515231832985
Singapore,SGP,1973,"Foreign direct investment, net inflows (% of GDP)",BX.KLT.DINV.WD.GD.ZS,9.54535545181456
Singapore,SGP,1972,"Foreign direct investment, net inflows (% of GDP)",BX.KLT.DINV.WD.GD.ZS,5.91843320736071
Singapore,SGP,1971,"Foreign direct investment, net inflows (% of GDP)",BX.KLT.DINV.WD.GD.ZS,5.12416052179685
Singapore,SGP,1970,"Foreign direct investment, net inflows (% of GDP)",BX.KLT.DINV.WD.GD.ZS,4.84230197472488
Singapore,SGP,2022,Access to electricity (% of population),EG.ELC.ACCS.ZS,100
Singapore,SGP,2021,Access to electricity (% of population),EG.ELC.ACCS.ZS,100
Singapore,SGP,2020,Access to electricity (% of population),EG.ELC.ACCS.ZS,100
Singapore,SGP,2019,Access to electricity (% of population),EG.ELC.ACCS.ZS,100
Singapore,SGP,2018,Access to electricity (% of population),EG.ELC.ACCS.ZS,100
Singapore,SGP,2017,Access to electricity (% of population),EG.ELC.ACCS.ZS,100
Singapore,SGP,2016,Access to electricity (% of population),EG.ELC.ACCS.ZS,100
Singapore,SGP,2015,Access to electricity (% of population),EG.ELC.ACCS.ZS,100
Singapore,SGP,2014,Access to electricity (% of population),EG.ELC.ACCS.ZS,100
Singapore,SGP,2013,Access to electricity (% of population),EG.ELC.ACCS.ZS,100
Singapore,SGP,2012,Access to electricity (% of population),EG.ELC.ACCS.ZS,100
Singapore,SGP,2011,Access to electricity (% of population),EG.ELC.ACCS.ZS,100
Singapore,SGP,2010,Access to electricity (% of population),EG.ELC.ACCS.ZS,100
Singapore,SGP,2009,Access to electricity (% of population),EG.ELC.ACCS.ZS,100
Singapore,SGP,2008,Access to electricity (% of population),EG.ELC.ACCS.ZS,100
Singapore,SGP,2007,Access to electricity (% of population),EG.ELC.ACCS.ZS,100
Singapore,SGP,2006,Access to electricity (% of population),EG.ELC.ACCS.ZS,100
Singapore,SGP,2005,Access to electricity (% of population),EG.ELC.ACCS.ZS,100
Singapore,SGP,2004,Access to electricity (% of population),EG.ELC.ACCS.ZS,100
Singapore,SGP,2003,Access to electricity (% of population),EG.ELC.ACCS.ZS,100
Singapore,SGP,2002,Access to electricity (% of population),EG.ELC.ACCS.ZS,100
Singapore,SGP,2001,Access to electricity (% of population),EG.ELC.ACCS.ZS,100
Singapore,SGP,2000,Access to electricity (% of population),EG.ELC.ACCS.ZS,100
Singapore,SGP,1999,Access to electricity (% of population),EG.ELC.ACCS.ZS,100
Singapore,SGP,1998,Access to electricity (% of population),EG.ELC.ACCS.ZS,100
Singapore,SGP,1997,Access to electricity (% of population),EG.ELC.ACCS.ZS,100
Singapore,SGP,1996,Access to electricity (% of population),EG.ELC.ACCS.ZS,100
Singapore,SGP,1995,Access to electricity (% of population),EG.ELC.ACCS.ZS,100
Singapore,SGP,1994,Access to electricity (% of population),EG.ELC.ACCS.ZS,100
Singapore,SGP,1993,Access to electricity (% of population),EG.ELC.ACCS.ZS,100
Singapore,SGP,1992,Access to electricity (% of population),EG.ELC.ACCS.ZS,100
Singapore,SGP,1991,Access to electricity (% of population),EG.ELC.ACCS.ZS,100
Singapore,SGP,1990,Access to electricity (% of population),EG.ELC.ACCS.ZS,100
Singapore,SGP,2021,Renewable energy consumption (% of total final energy consumption),EG.FEC.RNEW.ZS,1.1
Singapore,SGP,2020,Renewable energy consumption (% of total final energy consumption),EG.FEC.RNEW.ZS,0.9
Singapore,SGP,2019,Renewable energy consumption (% of total final energy consumption),EG.FEC.RNEW.ZS,0.9
Singapore,SGP,2018,Renewable energy consumption (% of total final energy consumption),EG.FEC.RNEW.ZS,0.8
Singapore,SGP,2017,Renewable energy consumption (% of total final energy consumption),EG.FEC.RNEW.ZS,0.7
Singapore,SGP,2016,Renewable energy consumption (% of total final energy consumption),EG.FEC.RNEW.ZS,0.7
Singapore,SGP,2015,Renewable energy consumption (% of total final energy consumption),EG.FEC.RNEW.ZS,0.7
Singapore,SGP,2014,Renewable energy consumption (% of total final energy consumption),EG.FEC.RNEW.ZS,0.6
Singapore,SGP,2013,Renewable energy consumption (% of total final energy consumption),EG.FEC.RNEW.ZS,0.6
Singapore,SGP,2012,Renewable energy consumption (% of total final energy consumption),EG.FEC.RNEW.ZS,0.5
Singapore,SGP,2011,Renewable energy consumption (% of total final energy consumption),EG.FEC.RNEW.ZS,0.5
Singapore,SGP,2010,Renewable energy consumption (% of total final energy consumption),EG.FEC.RNEW.ZS,0.5
Singapore,SGP,2009,Renewable energy consumption (% of total final energy consumption),EG.FEC.RNEW.ZS,0.5
Singapore,SGP,2008,Renewable energy consumption (% of total final energy consumption),EG.FEC.RNEW.ZS,0.5
Singapore,SGP,2007,Renewable energy consumption (% of total final energy consumption),EG.FEC.RNEW.ZS,0.5
Singapore,SGP,2006,Renewable energy consumption (% of total final energy consumption),EG.FEC.RNEW.ZS,0.5
Singapore,SGP,2005,Renewable energy consumption (% of total final energy consumption),EG.FEC.RNEW.ZS,0.5
Singapore,SGP,2004,Renewable energy consumption (% of total final energy consumption),EG.FEC.RNEW.ZS,0.5
Singapore,SGP,2003,Renewable energy consumption (% of total final energy consumption),EG.FEC.RNEW.ZS,0.6
Singapore,SGP,2002,Renewable energy consumption (% of total final energy consumption),EG.FEC.RNEW.ZS,0.6
Singapore,SGP,2001,Renewable energy consumption (% of total final energy consumption),EG.FEC.RNEW.ZS,0.6
Singapore,SGP,2000,Renewable energy consumption (% of total final energy consumption),EG.FEC.RNEW.ZS,0.3
Singapore,SGP,1999,Renewable energy consumption (% of total final energy consumption),EG.FEC.RNEW.ZS,0.4
Singapore,SGP,1998,Renewable energy consumption (% of total final energy consumption),EG.FEC.RNEW.ZS,0.4
Singapore,SGP,1997,Renewable energy consumption (% of total final energy consumption),EG.FEC.RNEW.ZS,0.4
Singapore,SGP,1996,Renewable energy consumption (% of total final energy consumption),EG.FEC.RNEW.ZS,0.5
Singapore,SGP,1995,Renewable energy consumption (% of total final energy consumption),EG.FEC.RNEW.ZS,0.4
Singapore,SGP,1994,Renewable energy consumption (% of total final energy consumption),EG.FEC.RNEW.ZS,0.5
Singapore,SGP,1993,Renewable energy consumption (% of total final energy consumption),EG.FEC.RNEW.ZS,0.5
Singapore,SGP,1992,Renewable energy consumption (% of total final energy consumption),EG.FEC.RNEW.ZS,0.5
Singapore,SGP,1991,Renewable energy consumption (% of total final energy consumption),EG.FEC.RNEW.ZS,0.5
Singapore,SGP,1990,Renewable energy consumption (% of total final energy consumption),EG.FEC.RNEW.ZS,0.2
Singapore,SGP,2015,Rural population living in areas where elevation is below 5 meters (% of total population),EN.POP.EL5M.RU.ZS,0.00671097395477561
Singapore,SGP,2000,Rural population living in areas where elevation is below 5 meters (% of total population),EN.POP.EL5M.RU.ZS,0.00501973154649907
Singapore,SGP,1990,Rural population living in areas where elevation is below 5 meters (% of total population),EN.POP.EL5M.RU.ZS,0.00988357827748856
Singapore,SGP,2015,Urban population living in areas where elevation is below 5 meters (% of total population),EN.POP.EL5M.UR.ZS,0.656566658087191
Singapore,SGP,2000,Urban population living in areas where elevation is below 5 meters (% of total population),EN.POP.EL5M.UR.ZS,0.652178212915321
Singapore,SGP,1990,Urban population living in areas where elevation is below 5 meters (% of total population),EN.POP.EL5M.UR.ZS,0.572210239761742
Singapore,SGP,2015,Population living in areas where elevation is below 5 meters (% of total population),EN.POP.EL5M.ZS,0.663277632041967
Singapore,SGP,2000,Population living in areas where elevation is below 5 meters (% of total population),EN.POP.EL5M.ZS,0.65719794446182
Singapore,SGP,1990,Population living in areas where elevation is below 5 meters (% of total population),EN.POP.EL5M.ZS,0.58209381803923
Singapore,SGP,2023,Population in urban agglomerations of more than 1 million (% of total population),EN.URB.MCTY.TL.ZS,100
Singapore,SGP,2022,Population in urban agglomerations of more than 1 million (% of total population),EN.URB.MCTY.TL.ZS,100
Singapore,SGP,2021,Population in urban agglomerations of more than 1 million (% of total population),EN.URB.MCTY.TL.ZS,100
Singapore,SGP,2020,Population in urban agglomerations of more than 1 million (% of total population),EN.URB.MCTY.TL.ZS,100
Singapore,SGP,2019,Population in urban agglomerations of more than 1 million (% of total population),EN.URB.MCTY.TL.ZS,100
Singapore,SGP,2018,Population in urban agglomerations of more than 1 million (% of total population),EN.URB.MCTY.TL.ZS,100
Singapore,SGP,2017,Population in urban agglomerations of more than 1 million (% of total population),EN.URB.MCTY.TL.ZS,100
Singapore,SGP,2016,Population in urban agglomerations of more than 1 million (% of total population),EN.URB.MCTY.TL.ZS,100
Singapore,SGP,2015,Population in urban agglomerations of more than 1 million (% of total population),EN.URB.MCTY.TL.ZS,100
Singapore,SGP,2014,Population in urban agglomerations of more than 1 million (% of total population),EN.URB.MCTY.TL.ZS,99.6090844803138
Singapore,SGP,2013,Population in urban agglomerations of more than 1 million (% of total population),EN.URB.MCTY.TL.ZS,99.2901676223088
Singapore,SGP,2012,Population in urban agglomerations of more than 1 million (% of total population),EN.URB.MCTY.TL.ZS,99.2192095642734
Singapore,SGP,2011,Population in urban agglomerations of more than 1 million (% of total population),EN.URB.MCTY.TL.ZS,99.852016556552
Singapore,SGP,2010,Population in urban agglomerations of more than 1 million (% of total population),EN.URB.MCTY.TL.ZS,99.951149676603
Singapore,SGP,2009,Population in urban agglomerations of more than 1 million (% of total population),EN.URB.MCTY.TL.ZS,99.5578009585023
Singapore,SGP,2008,Population in urban agglomerations of more than 1 million (% of total population),EN.URB.MCTY.TL.ZS,100
Singapore,SGP,2007,Population in urban agglomerations of more than 1 million (% of total population),EN.URB.MCTY.TL.ZS,100
Singapore,SGP,2006,Population in urban agglomerations of more than 1 million (% of total population),EN.URB.MCTY.TL.ZS,100
Singapore,SGP,2005,Population in urban agglomerations of more than 1 million (% of total population),EN.URB.MCTY.TL.ZS,100
Singapore,SGP,2004,Population in urban agglomerations of more than 1 million (% of total population),EN.URB.MCTY.TL.ZS,100
Singapore,SGP,2003,Population in urban agglomerations of more than 1 million (% of total population),EN.URB.MCTY.TL.ZS,100
Singapore,SGP,2002,Population in urban agglomerations of more than 1 million (% of total population),EN.URB.MCTY.TL.ZS,98.9285791257079
Singapore,SGP,2001,Population in urban agglomerations of more than 1 million (% of total population),EN.URB.MCTY.TL.ZS,97.118592212879
Singapore,SGP,2000,Population in urban agglomerations of more than 1 million (% of total population),EN.URB.MCTY.TL.ZS,97.1715442861232
Singapore,SGP,1999,Population in urban agglomerations of more than 1 million (% of total population),EN.URB.MCTY.TL.ZS,96.4569129994698
Singapore,SGP,1998,Population in urban agglomerations of more than 1 million (% of total population),EN.URB.MCTY.TL.ZS,95.0149635377557
Singapore,SGP,1997,Population in urban agglomerations of more than 1 million (% of total population),EN.URB.MCTY.TL.ZS,96.1300966955547
Singapore,SGP,1996,Population in urban agglomerations of more than 1 million (% of total population),EN.URB.MCTY.TL.ZS,97.1512004236789
Singapore,SGP,1995,Population in urban agglomerations of more than 1 million (% of total population),EN.URB.MCTY.TL.ZS,98.7025983215804
Singapore,SGP,1994,Population in urban agglomerations of more than 1 million (% of total population),EN.URB.MCTY.TL.ZS,99.0144040095372
Singapore,SGP,1993,Population in urban agglomerations of more than 1 million (% of total population),EN.URB.MCTY.TL.ZS,99.218855393634
Singapore,SGP,1992,Population in urban agglomerations of more than 1 million (% of total population),EN.URB.MCTY.TL.ZS,98.7227218390577
Singapore,SGP,1991,Population in urban agglomerations of more than 1 million (% of total population),EN.URB.MCTY.TL.ZS,98.7715476751333
Singapore,SGP,1990,Population in urban agglomerations of more than 1 million (% of total population),EN.URB.MCTY.TL.ZS,98.8783223043833
Singapore,SGP,1989,Population in urban agglomerations of more than 1 million (% of total population),EN.URB.MCTY.TL.ZS,100
Singapore,SGP,1988,Population in urban agglomerations of more than 1 million (% of total population),EN.URB.MCTY.TL.ZS,100
Singapore,SGP,1987,Population in urban agglomerations of more than 1 million (% of total population),EN.URB.MCTY.TL.ZS,100
Singapore,SGP,1986,Population in urban agglomerations of more than 1 million (% of total population),EN.URB.MCTY.TL.ZS,100
Singapore,SGP,1985,Population in urban agglomerations of more than 1 million (% of total population),EN.URB.MCTY.TL.ZS,98.8880673197715
Singapore,SGP,1984,Population in urban agglomerations of more than 1 million (% of total population),EN.URB.MCTY.TL.ZS,96.7692950167647
Singapore,SGP,1983,Population in urban agglomerations of more than 1 million (% of total population),EN.URB.MCTY.TL.ZS,96.2402944207536
Singapore,SGP,1982,Population in urban agglomerations of more than 1 million (% of total population),EN.URB.MCTY.TL.ZS,95.1298448572549
Singapore,SGP,1981,Population in urban agglomerations of more than 1 million (% of total population),EN.URB.MCTY.TL.ZS,97.1396478649419
Singapore,SGP,1980,Population in urban agglomerations of more than 1 million (% of total population),EN.URB.MCTY.TL.ZS,99.9069987095812
Singapore,SGP,1979,Population in urban agglomerations of more than 1 million (% of total population),EN.URB.MCTY.TL.ZS,99.5433186490455
Singapore,SGP,1978,Population in urban agglomerations of more than 1 million (% of total population),EN.URB.MCTY.TL.ZS,99.4828772943576
Singapore,SGP,1977,Population in urban agglomerations of more than 1 million (% of total population),EN.URB.MCTY.TL.ZS,99.5576914806692
Singapore,SGP,1976,Population in urban agglomerations of more than 1 million (% of total population),EN.URB.MCTY.TL.ZS,99.8076134827541
Singapore,SGP,1975,Population in urban agglomerations of more than 1 million (% of total population),EN.URB.MCTY.TL.ZS,99.8739503226377
Singapore,SGP,1974,Population in urban agglomerations of more than 1 million (% of total population),EN.URB.MCTY.TL.ZS,99.8476993452328
Singapore,SGP,1973,Population in urban agglomerations of more than 1 million (% of total population),EN.URB.MCTY.TL.ZS,99.8465572275422
Singapore,SGP,1972,Population in urban agglomerations of more than 1 million (% of total population),EN.URB.MCTY.TL.ZS,99.912841479279
Singapore,SGP,1971,Population in urban agglomerations of more than 1 million (% of total population),EN.URB.MCTY.TL.ZS,99.9088929906763
Singapore,SGP,1970,Population in urban agglomerations of more than 1 million (% of total population),EN.URB.MCTY.TL.ZS,99.8931312355176
Singapore,SGP,1969,Population in urban agglomerations of more than 1 million (% of total population),EN.URB.MCTY.TL.ZS,99.609694002448
Singapore,SGP,1968,Population in urban agglomerations of more than 1 million (% of total population),EN.URB.MCTY.TL.ZS,99.2478131212724
Singapore,SGP,1967,Population in urban agglomerations of more than 1 million (% of total population),EN.URB.MCTY.TL.ZS,99.045610841424
Singapore,SGP,1966,Population in urban agglomerations of more than 1 million (% of total population),EN.URB.MCTY.TL.ZS,99.2177419354839
Singapore,SGP,1965,Population in urban agglomerations of more than 1 million (% of total population),EN.URB.MCTY.TL.ZS,99.5181514653665
Singapore,SGP,1964,Population in urban agglomerations of more than 1 million (% of total population),EN.URB.MCTY.TL.ZS,99.6140855777585
Singapore,SGP,1963,Population in urban agglomerations of more than 1 million (% of total population),EN.URB.MCTY.TL.ZS,99.6845682451253
Singapore,SGP,1962,Population in urban agglomerations of more than 1 million (% of total population),EN.URB.MCTY.TL.ZS,99.4981716375272
Singapore,SGP,1961,Population in urban agglomerations of more than 1 million (% of total population),EN.URB.MCTY.TL.ZS,99.2449483082707
Singapore,SGP,1960,Population in urban agglomerations of more than 1 million (% of total population),EN.URB.MCTY.TL.ZS,99.1913265306122
Singapore,SGP,2021,"Annual freshwater withdrawals, total (billion cubic meters)",ER.H2O.FWTL.K3,0.4987
Singapore,SGP,2020,"Annual freshwater withdrawals, total (billion cubic meters)",ER.H2O.FWTL.K3,0.4987
Singapore,SGP,2019,"Annual freshwater withdrawals, total (billion cubic meters)",ER.H2O.FWTL.K3,0.493
Singapore,SGP,2018,"Annual freshwater withdrawals, total (billion cubic meters)",ER.H2O.FWTL.K3,0.4883
Singapore,SGP,2017,"Annual freshwater withdrawals, total (billion cubic meters)",ER.H2O.FWTL.K3,0.4993
Singapore,SGP,2016,"Annual freshwater withdrawals, total (billion cubic meters)",ER.H2O.FWTL.K3,0.5098
Singapore,SGP,2015,"Annual freshwater withdrawals, total (billion cubic meters)",ER.H2O.FWTL.K3,0.5075
Singapore,SGP,2014,"Annual freshwater withdrawals, total (billion cubic meters)",ER.H2O.FWTL.K3,0.6510335
Singapore,SGP,2013,"Annual freshwater withdrawals, total (billion cubic meters)",ER.H2O.FWTL.K3,0.794567
Singapore,SGP,2012,"Annual freshwater withdrawals, total (billion cubic meters)",ER.H2O.FWTL.K3,0.9602005
Singapore,SGP,2011,"Annual freshwater withdrawals, total (billion cubic meters)",ER.H2O.FWTL.K3,1.125834
Singapore,SGP,2010,"Annual freshwater withdrawals, total (billion cubic meters)",ER.H2O.FWTL.K3,1.3194675
Singapore,SGP,2009,"Annual freshwater withdrawals, total (billion cubic meters)",ER.H2O.FWTL.K3,1.513101
Singapore,SGP,2008,"Annual freshwater withdrawals, total (billion cubic meters)",ER.H2O.FWTL.K3,1.7067345
Singapore,SGP,2007,"Annual freshwater withdrawals, total (billion cubic meters)",ER.H2O.FWTL.K3,1.890368
Singapore,SGP,2006,"Annual freshwater withdrawals, total (billion cubic meters)",ER.H2O.FWTL.K3,2.0777348333
Singapore,SGP,2005,"Annual freshwater withdrawals, total (billion cubic meters)",ER.H2O.FWTL.K3,2.2651016667
Singapore,SGP,2004,"Annual freshwater withdrawals, total (billion cubic meters)",ER.H2O.FWTL.K3,2.2007805
Singapore,SGP,2003,"Annual freshwater withdrawals, total (billion cubic meters)",ER.H2O.FWTL.K3,2.115126
Singapore,SGP,2002,"Annual freshwater withdrawals, total (billion cubic meters)",ER.H2O.FWTL.K3,2.0294715
Singapore,SGP,2001,"Annual freshwater withdrawals, total (billion cubic meters)",ER.H2O.FWTL.K3,1.969417
Singapore,SGP,2000,"Annual freshwater withdrawals, total (billion cubic meters)",ER.H2O.FWTL.K3,1.8833625
Singapore,SGP,1999,"Annual freshwater withdrawals, total (billion cubic meters)",ER.H2O.FWTL.K3,1.81534
Singapore,SGP,1998,"Annual freshwater withdrawals, total (billion cubic meters)",ER.H2O.FWTL.K3,1.7473175
Singapore,SGP,1997,"Annual freshwater withdrawals, total (billion cubic meters)",ER.H2O.FWTL.K3,1.679295
Singapore,SGP,1996,"Annual freshwater withdrawals, total (billion cubic meters)",ER.H2O.FWTL.K3,1.6112725
Singapore,SGP,1995,"Annual freshwater withdrawals, total (billion cubic meters)",ER.H2O.FWTL.K3,1.54325
Singapore,SGP,1994,"Annual freshwater withdrawals, total (billion cubic meters)",ER.H2O.FWTL.K3,1.4752275
Singapore,SGP,1993,"Annual freshwater withdrawals, total (billion cubic meters)",ER.H2O.FWTL.K3,1.407205
Singapore,SGP,1992,"Annual freshwater withdrawals, total (billion cubic meters)",ER.H2O.FWTL.K3,1.3391825
Singapore,SGP,1991,"Annual freshwater withdrawals, total (billion cubic meters)",ER.H2O.FWTL.K3,1.27116
Singapore,SGP,1990,"Annual freshwater withdrawals, total (billion cubic meters)",ER.H2O.FWTL.K3,1.2031375
Singapore,SGP,1989,"Annual freshwater withdrawals, total (billion cubic meters)",ER.H2O.FWTL.K3,1.142315
Singapore,SGP,1988,"Annual freshwater withdrawals, total (billion cubic meters)",ER.H2O.FWTL.K3,1.0742925
Singapore,SGP,1987,"Annual freshwater withdrawals, total (billion cubic meters)",ER.H2O.FWTL.K3,1.00627
Singapore,SGP,1986,"Annual freshwater withdrawals, total (billion cubic meters)",ER.H2O.FWTL.K3,0.9382475
Singapore,SGP,1985,"Annual freshwater withdrawals, total (billion cubic meters)",ER.H2O.FWTL.K3,0.870225
Singapore,SGP,1984,"Annual freshwater withdrawals, total (billion cubic meters)",ER.H2O.FWTL.K3,0.8022025
Singapore,SGP,1983,"Annual freshwater withdrawals, total (billion cubic meters)",ER.H2O.FWTL.K3,0.73418
Singapore,SGP,1982,"Annual freshwater withdrawals, total (billion cubic meters)",ER.H2O.FWTL.K3,0.6661575
Singapore,SGP,1981,"Annual freshwater withdrawals, total (billion cubic meters)",ER.H2O.FWTL.K3,0.598135
Singapore,SGP,1980,"Annual freshwater withdrawals, total (billion cubic meters)",ER.H2O.FWTL.K3,0.5301125
Singapore,SGP,1979,"Annual freshwater withdrawals, total (billion cubic meters)",ER.H2O.FWTL.K3,0.46209
Singapore,SGP,1978,"Annual freshwater withdrawals, total (billion cubic meters)",ER.H2O.FWTL.K3,0.3940675
Singapore,SGP,1977,"Annual freshwater withdrawals, total (billion cubic meters)",ER.H2O.FWTL.K3,0.326045
Singapore,SGP,1976,"Annual freshwater withdrawals, total (billion cubic meters)",ER.H2O.FWTL.K3,0.2580225
Singapore,SGP,1975,"Annual freshwater withdrawals, total (billion cubic meters)",ER.H2O.FWTL.K3,0.19
Singapore,SGP,2021,"Annual freshwater withdrawals, total (% of internal resources)",ER.H2O.FWTL.ZS,83.1166666666667
Singapore,SGP,2020,"Annual freshwater withdrawals, total (% of internal resources)",ER.H2O.FWTL.ZS,83.1166666666667
Singapore,SGP,2019,"Annual freshwater withdrawals, total (% of internal resources)",ER.H2O.FWTL.ZS,82.1666666666667
Singapore,SGP,2018,"Annual freshwater withdrawals, total (% of internal resources)",ER.H2O.FWTL.ZS,81.3833333333333
Singapore,SGP,2017,"Annual freshwater withdrawals, total (% of internal resources)",ER.H2O.FWTL.ZS,83.2166666666667
Singapore,SGP,2016,"Annual freshwater withdrawals, total (% of internal resources)",ER.H2O.FWTL.ZS,84.9666666666667
Singapore,SGP,2015,"Annual freshwater withdrawals, total (% of internal resources)",ER.H2O.FWTL.ZS,84.5833333333333
Singapore,SGP,2014,"Annual freshwater withdrawals, total (% of internal resources)",ER.H2O.FWTL.ZS,108.505583333333
Singapore,SGP,2013,"Annual freshwater withdrawals, total (% of internal resources)",ER.H2O.FWTL.ZS,132.427833333333
Singapore,SGP,2012,"Annual freshwater withdrawals, total (% of internal resources)",ER.H2O.FWTL.ZS,160.033416666667
Singapore,SGP,2011,"Annual freshwater withdrawals, total (% of internal resources)",ER.H2O.FWTL.ZS,187.639
Singapore,SGP,2010,"Annual freshwater withdrawals, total (% of internal resources)",ER.H2O.FWTL.ZS,219.91125
Singapore,SGP,2009,"Annual freshwater withdrawals, total (% of internal resources)",ER.H2O.FWTL.ZS,252.1835
Singapore,SGP,2008,"Annual freshwater withdrawals, total (% of internal resources)",ER.H2O.FWTL.ZS,284.45575
Singapore,SGP,2007,"Annual freshwater withdrawals, total (% of internal resources)",ER.H2O.FWTL.ZS,315.061333333333
Singapore,SGP,2006,"Annual freshwater withdrawals, total (% of internal resources)",ER.H2O.FWTL.ZS,346.289138883333
Singapore,SGP,2005,"Annual freshwater withdrawals, total (% of internal resources)",ER.H2O.FWTL.ZS,377.51694445
Singapore,SGP,2004,"Annual freshwater withdrawals, total (% of internal resources)",ER.H2O.FWTL.ZS,366.79675
Singapore,SGP,2003,"Annual freshwater withdrawals, total (% of internal resources)",ER.H2O.FWTL.ZS,352.521
Singapore,SGP,2002,"Annual freshwater withdrawals, total (% of internal resources)",ER.H2O.FWTL.ZS,338.24525
Singapore,SGP,2001,"Annual freshwater withdrawals, total (% of internal resources)",ER.H2O.FWTL.ZS,328.236166666667
Singapore,SGP,2000,"Annual freshwater withdrawals, total (% of internal resources)",ER.H2O.FWTL.ZS,313.89375
Singapore,SGP,1999,"Annual freshwater withdrawals, total (% of internal resources)",ER.H2O.FWTL.ZS,302.556666666667
Singapore,SGP,1998,"Annual freshwater withdrawals, total (% of internal resources)",ER.H2O.FWTL.ZS,291.219583333333
Singapore,SGP,1997,"Annual freshwater withdrawals, total (% of internal resources)",ER.H2O.FWTL.ZS,279.8825
Singapore,SGP,1996,"Annual freshwater withdrawals, total (% of internal resources)",ER.H2O.FWTL.ZS,268.545416666667
Singapore,SGP,1995,"Annual freshwater withdrawals, total (% of internal resources)",ER.H2O.FWTL.ZS,257.208333333333
Singapore,SGP,1994,"Annual freshwater withdrawals, total (% of internal resources)",ER.H2O.FWTL.ZS,245.87125
Singapore,SGP,1993,"Annual freshwater withdrawals, total (% of internal resources)",ER.H2O.FWTL.ZS,234.534166666667
Singapore,SGP,1992,"Annual freshwater withdrawals, total (% of internal resources)",ER.H2O.FWTL.ZS,223.197083333333
Singapore,SGP,1991,"Annual freshwater withdrawals, total (% of internal resources)",ER.H2O.FWTL.ZS,211.86
Singapore,SGP,1990,"Annual freshwater withdrawals, total (% of internal resources)",ER.H2O.FWTL.ZS,200.522916666667
Singapore,SGP,1989,"Annual freshwater withdrawals, total (% of internal resources)",ER.H2O.FWTL.ZS,190.385833333333
Singapore,SGP,1988,"Annual freshwater withdrawals, total (% of internal resources)",ER.H2O.FWTL.ZS,179.04875
Singapore,SGP,1987,"Annual freshwater withdrawals, total (% of internal resources)",ER.H2O.FWTL.ZS,167.711666666667
Singapore,SGP,1986,"Annual freshwater withdrawals, total (% of internal resources)",ER.H2O.FWTL.ZS,156.374583333333
Singapore,SGP,1985,"Annual freshwater withdrawals, total (% of internal resources)",ER.H2O.FWTL.ZS,145.0375
Singapore,SGP,1984,"Annual freshwater withdrawals, total (% of internal resources)",ER.H2O.FWTL.ZS,133.700416666667
Singapore,SGP,1983,"Annual freshwater withdrawals, total (% of internal resources)",ER.H2O.FWTL.ZS,122.363333333333
Singapore,SGP,1982,"Annual freshwater withdrawals, total (% of internal resources)",ER.H2O.FWTL.ZS,111.02625
Singapore,SGP,1981,"Annual freshwater withdrawals, total (% of internal resources)",ER.H2O.FWTL.ZS,99.6891666666667
Singapore,SGP,1980,"Annual freshwater withdrawals, total (% of internal resources)",ER.H2O.FWTL.ZS,88.3520833333333
Singapore,SGP,1979,"Annual freshwater withdrawals, total (% of internal resources)",ER.H2O.FWTL.ZS,77.015
Singapore,SGP,1978,"Annual freshwater withdrawals, total (% of internal resources)",ER.H2O.FWTL.ZS,65.6779166666667
Singapore,SGP,1977,"Annual freshwater withdrawals, total (% of internal resources)",ER.H2O.FWTL.ZS,54.3408333333333
Singapore,SGP,1976,"Annual freshwater withdrawals, total (% of internal resources)",ER.H2O.FWTL.ZS,43.00375
Singapore,SGP,1975,"Annual freshwater withdrawals, total (% of internal resources)",ER.H2O.FWTL.ZS,31.6666666666667
Singapore,SGP,2022,Terrestrial protected areas (% of total land area),ER.LND.PTLD.ZS,5.5545597
Singapore,SGP,2021,Terrestrial protected areas (% of total land area),ER.LND.PTLD.ZS,5.554559708
Singapore,SGP,2020,Terrestrial protected areas (% of total land area),ER.LND.PTLD.ZS,5.55456
Singapore,SGP,2019,Terrestrial protected areas (% of total land area),ER.LND.PTLD.ZS,5.55456
Singapore,SGP,2018,Terrestrial protected areas (% of total land area),ER.LND.PTLD.ZS,5.55455982847758
Singapore,SGP,2017,Terrestrial protected areas (% of total land area),ER.LND.PTLD.ZS,5.55455982847758
Singapore,SGP,2016,Terrestrial protected areas (% of total land area),ER.LND.PTLD.ZS,5.62
Singapore,SGP,2022,Marine protected areas (% of territorial waters),ER.MRN.PTMR.ZS,0.013184
Singapore,SGP,2021,Marine protected areas (% of territorial waters),ER.MRN.PTMR.ZS,0.013184012
Singapore,SGP,2020,Marine protected areas (% of territorial waters),ER.MRN.PTMR.ZS,0.013184
Singapore,SGP,2019,Marine protected areas (% of territorial waters),ER.MRN.PTMR.ZS,0.013184
Singapore,SGP,2018,Marine protected areas (% of territorial waters),ER.MRN.PTMR.ZS,0.0131785692156559
Singapore,SGP,2017,Marine protected areas (% of territorial waters),ER.MRN.PTMR.ZS,0.0131785692156559
Singapore,SGP,2022,Terrestrial and marine protected areas (% of total territorial area),ER.PTD.TOTL.ZS,2.463630223174
Singapore,SGP,2021,Terrestrial and marine protected areas (% of total territorial area),ER.PTD.TOTL.ZS,2.463630223174
Singapore,SGP,2020,Terrestrial and marine protected areas (% of total territorial area),ER.PTD.TOTL.ZS,2.46363019296917
Singapore,SGP,2019,Terrestrial and marine protected areas (% of total territorial area),ER.PTD.TOTL.ZS,2.46363019296917
Singapore,SGP,2018,Terrestrial and marine protected areas (% of total territorial area),ER.PTD.TOTL.ZS,2.46306282917716
Singapore,SGP,2017,Terrestrial and marine protected areas (% of total territorial area),ER.PTD.TOTL.ZS,2.46306282917716
Singapore,SGP,2016,Terrestrial and marine protected areas (% of total territorial area),ER.PTD.TOTL.ZS,2.48665252687779
Singapore,SGP,2019,Ease of doing business rank (1=most business-friendly regulations),IC.BUS.EASE.XQ,2
Singapore,SGP,2023,"Agriculture, forestry, and fishing, value added (% of GDP)",NV.AGR.TOTL.ZS,0.0290657823856606
Singapore,SGP,2022,"Agriculture, forestry, and fishing, value added (% of GDP)",NV.AGR.TOTL.ZS,0.0265267659870693
Singapore,SGP,2021,"Agriculture, forestry, and fishing, value added (% of GDP)",NV.AGR.TOTL.ZS,0.0307258905921678
Singapore,SGP,2020,"Agriculture, forestry, and fishing, value added (% of GDP)",NV.AGR.TOTL.ZS,0.0327869668385027
Singapore,SGP,2019,"Agriculture, forestry, and fishing, value added (% of GDP)",NV.AGR.TOTL.ZS,0.0321888370280154
Singapore,SGP,2018,"Agriculture, forestry, and fishing, value added (% of GDP)",NV.AGR.TOTL.ZS,0.0301356082701394
Singapore,SGP,2017,"Agriculture, forestry, and fishing, value added (% of GDP)",NV.AGR.TOTL.ZS,0.030800882002243
Singapore,SGP,2016,"Agriculture, forestry, and fishing, value added (% of GDP)",NV.AGR.TOTL.ZS,0.0315798285659967
Singapore,SGP,2015,"Agriculture, forestry, and fishing, value added (% of GDP)",NV.AGR.TOTL.ZS,0.0326135138026483
Singapore,SGP,2014,"Agriculture, forestry, and fishing, value added (% of GDP)",NV.AGR.TOTL.ZS,0.0345408510735362
Singapore,SGP,2013,"Agriculture, forestry, and fishing, value added (% of GDP)",NV.AGR.TOTL.ZS,0.0343752167938134
Singapore,SGP,2012,"Agriculture, forestry, and fishing, value added (% of GDP)",NV.AGR.TOTL.ZS,0.033272726533169
Singapore,SGP,2011,"Agriculture, forestry, and fishing, value added (% of GDP)",NV.AGR.TOTL.ZS,0.0346076007512354
Singapore,SGP,2010,"Agriculture, forestry, and fishing, value added (% of GDP)",NV.AGR.TOTL.ZS,0.0361489888834213
Singapore,SGP,2009,"Agriculture, forestry, and fishing, value added (% of GDP)",NV.AGR.TOTL.ZS,0.0406877612701381
Singapore,SGP,2008,"Agriculture, forestry, and fishing, value added (% of GDP)",NV.AGR.TOTL.ZS,0.0414321884664469
Singapore,SGP,2007,"Agriculture, forestry, and fishing, value added (% of GDP)",NV.AGR.TOTL.ZS,0.0428679973714474
Singapore,SGP,2006,"Agriculture, forestry, and fishing, value added (% of GDP)",NV.AGR.TOTL.ZS,0.0488654244516825
Singapore,SGP,2005,"Agriculture, forestry, and fishing, value added (% of GDP)",NV.AGR.TOTL.ZS,0.0550481142142599
Singapore,SGP,2004,"Agriculture, forestry, and fishing, value added (% of GDP)",NV.AGR.TOTL.ZS,0.0556489896262466
Singapore,SGP,2003,"Agriculture, forestry, and fishing, value added (% of GDP)",NV.AGR.TOTL.ZS,0.0611340723110266
Singapore,SGP,2002,"Agriculture, forestry, and fishing, value added (% of GDP)",NV.AGR.TOTL.ZS,0.0710328000140014
Singapore,SGP,2001,"Agriculture, forestry, and fishing, value added (% of GDP)",NV.AGR.TOTL.ZS,0.0823566559095407
Singapore,SGP,2000,"Agriculture, forestry, and fishing, value added (% of GDP)",NV.AGR.TOTL.ZS,0.092131732680321
Singapore,SGP,1999,"Agriculture, forestry, and fishing, value added (% of GDP)",NV.AGR.TOTL.ZS,0.111245961607494
Singapore,SGP,1998,"Agriculture, forestry, and fishing, value added (% of GDP)",NV.AGR.TOTL.ZS,0.111378366529616
Singapore,SGP,1997,"Agriculture, forestry, and fishing, value added (% of GDP)",NV.AGR.TOTL.ZS,0.132916824740826
Singapore,SGP,1996,"Agriculture, forestry, and fishing, value added (% of GDP)",NV.AGR.TOTL.ZS,0.150025188323224
Singapore,SGP,1995,"Agriculture, forestry, and fishing, value added (% of GDP)",NV.AGR.TOTL.ZS,0.144861979394729
Singapore,SGP,1994,"Agriculture, forestry, and fishing, value added (% of GDP)",NV.AGR.TOTL.ZS,0.173159173171612
Singapore,SGP,1993,"Agriculture, forestry, and fishing, value added (% of GDP)",NV.AGR.TOTL.ZS,0.172788647418229
Singapore,SGP,1992,"Agriculture, forestry, and fishing, value added (% of GDP)",NV.AGR.TOTL.ZS,0.197361758450875
Singapore,SGP,1991,"Agriculture, forestry, and fishing, value added (% of GDP)",NV.AGR.TOTL.ZS,0.250054747220624
Singapore,SGP,1990,"Agriculture, forestry, and fishing, value added (% of GDP)",NV.AGR.TOTL.ZS,0.323439581344345
Singapore,SGP,1989,"Agriculture, forestry, and fishing, value added (% of GDP)",NV.AGR.TOTL.ZS,0.355904972393714
Singapore,SGP,1988,"Agriculture, forestry, and fishing, value added (% of GDP)",NV.AGR.TOTL.ZS,0.416976248448972
Singapore,SGP,1987,"Agriculture, forestry, and fishing, value added (% of GDP)",NV.AGR.TOTL.ZS,0.550609776177565
Singapore,SGP,1986,"Agriculture, forestry, and fishing, value added (% of GDP)",NV.AGR.TOTL.ZS,0.716998388465423
Singapore,SGP,1985,"Agriculture, forestry, and fishing, value added (% of GDP)",NV.AGR.TOTL.ZS,0.921131200015662
Singapore,SGP,1984,"Agriculture, forestry, and fishing, value added (% of GDP)",NV.AGR.TOTL.ZS,1.06996338400782
Singapore,SGP,1983,"Agriculture, forestry, and fishing, value added (% of GDP)",NV.AGR.TOTL.ZS,1.1784644489989
Singapore,SGP,1982,"Agriculture, forestry, and fishing, value added (% of GDP)",NV.AGR.TOTL.ZS,1.34338987440114
Singapore,SGP,1981,"Agriculture, forestry, and fishing, value added (% of GDP)",NV.AGR.TOTL.ZS,1.46316552451239
Singapore,SGP,1980,"Agriculture, forestry, and fishing, value added (% of GDP)",NV.AGR.TOTL.ZS,1.50949376874787
Singapore,SGP,1979,"Agriculture, forestry, and fishing, value added (% of GDP)",NV.AGR.TOTL.ZS,1.54910790305186
Singapore,SGP,1978,"Agriculture, forestry, and fishing, value added (% of GDP)",NV.AGR.TOTL.ZS,1.66544875500344
Singapore,SGP,1977,"Agriculture, forestry, and fishing, value added (% of GDP)",NV.AGR.TOTL.ZS,1.99165912481961
Singapore,SGP,1976,"Agriculture, forestry, and fishing, value added (% of GDP)",NV.AGR.TOTL.ZS,2.04353679832571
Singapore,SGP,1975,"Agriculture, forestry, and fishing, value added (% of GDP)",NV.AGR.TOTL.ZS,2.15533881576551
Singapore,SGP,1974,"Agriculture, forestry, and fishing, value added (% of GDP)",NV.AGR.TOTL.ZS,2.01069251991209
Singapore,SGP,1973,"Agriculture, forestry, and fishing, value added (% of GDP)",NV.AGR.TOTL.ZS,2.2865443072069
Singapore,SGP,1972,"Agriculture, forestry, and fishing, value added (% of GDP)",NV.AGR.TOTL.ZS,2.21263987087915
Singapore,SGP,1971,"Agriculture, forestry, and fishing, value added (% of GDP)",NV.AGR.TOTL.ZS,2.58445287810791
Singapore,SGP,1970,"Agriculture, forestry, and fishing, value added (% of GDP)",NV.AGR.TOTL.ZS,2.56493119929243
Singapore,SGP,1969,"Agriculture, forestry, and fishing, value added (% of GDP)",NV.AGR.TOTL.ZS,2.81227244996359
Singapore,SGP,1968,"Agriculture, forestry, and fishing, value added (% of GDP)",NV.AGR.TOTL.ZS,3.04967464027129
Singapore,SGP,1967,"Agriculture, forestry, and fishing, value added (% of GDP)",NV.AGR.TOTL.ZS,3.04493522256524
Singapore,SGP,1966,"Agriculture, forestry, and fishing, value added (% of GDP)",NV.AGR.TOTL.ZS,3.2713621737576
Singapore,SGP,1965,"Agriculture, forestry, and fishing, value added (% of GDP)",NV.AGR.TOTL.ZS,3.07011663761898
Singapore,SGP,1964,"Agriculture, forestry, and fishing, value added (% of GDP)",NV.AGR.TOTL.ZS,3.33187198597107
Singapore,SGP,1963,"Agriculture, forestry, and fishing, value added (% of GDP)",NV.AGR.TOTL.ZS,3.250266998932
Singapore,SGP,1962,"Agriculture, forestry, and fishing, value added (% of GDP)",NV.AGR.TOTL.ZS,3.58992606650061
Singapore,SGP,1961,"Agriculture, forestry, and fishing, value added (% of GDP)",NV.AGR.TOTL.ZS,3.51176998333832
Singapore,SGP,1960,"Agriculture, forestry, and fishing, value added (% of GDP)",NV.AGR.TOTL.ZS,3.70353202929452
Singapore,SGP,2020,"School enrollment, primary and secondary (gross), gender parity index (GPI)",SE.ENR.PRSC.FM.ZS,0.996010005474091
Singapore,SGP,2019,"School enrollment, primary and secondary (gross), gender parity index (GPI)",SE.ENR.PRSC.FM.ZS,0.9966099858284
Singapore,SGP,2018,"School enrollment, primary and secondary (gross), gender parity index (GPI)",SE.ENR.PRSC.FM.ZS,0.995630025863647
Singapore,SGP,2017,"School enrollment, primary and secondary (gross), gender parity index (GPI)",SE.ENR.PRSC.FM.ZS,0.994949996471405
Singapore,SGP,2016,"School enrollment, primary and secondary (gross), gender parity index (GPI)",SE.ENR.PRSC.FM.ZS,0.995970010757446
Singapore,SGP,2022,"Primary completion rate, total (% of relevant age group)",SE.PRM.CMPT.ZS,99.6337432861328
Singapore,SGP,2021,"Primary completion rate, total (% of relevant age group)",SE.PRM.CMPT.ZS,100.557983398438
Singapore,SGP,2020,"Primary completion rate, total (% of relevant age group)",SE.PRM.CMPT.ZS,101.401397705078
Singapore,SGP,2019,"Primary completion rate, total (% of relevant age group)",SE.PRM.CMPT.ZS,98.0779495239258
Singapore,SGP,2018,"Primary completion rate, total (% of relevant age group)",SE.PRM.CMPT.ZS,99.9218292236328
Singapore,SGP,2017,"Primary completion rate, total (% of relevant age group)",SE.PRM.CMPT.ZS,99.2582397460938
Singapore,SGP,2016,"Primary completion rate, total (% of relevant age group)",SE.PRM.CMPT.ZS,99.7892684936523
Singapore,SGP,2022,"Mortality rate, under-5 (per 1,000 live births)",SH.DYN.MORT,2.2
Singapore,SGP,2021,"Mortality rate, under-5 (per 1,000 live births)",SH.DYN.MORT,2.2
Singapore,SGP,2020,"Mortality rate, under-5 (per 1,000 live births)",SH.DYN.MORT,2.3
Singapore,SGP,2019,"Mortality rate, under-5 (per 1,000 live births)",SH.DYN.MORT,2.4
Singapore,SGP,2018,"Mortality rate, under-5 (per 1,000 live births)",SH.DYN.MORT,2.5
Singapore,SGP,2017,"Mortality rate, under-5 (per 1,000 live births)",SH.DYN.MORT,2.6
Singapore,SGP,2016,"Mortality rate, under-5 (per 1,000 live births)",SH.DYN.MORT,2.7
Singapore,SGP,2015,"Mortality rate, under-5 (per 1,000 live births)",SH.DYN.MORT,2.7
Singapore,SGP,2014,"Mortality rate, under-5 (per 1,000 live births)",SH.DYN.MORT,2.7
Singapore,SGP,2013,"Mortality rate, under-5 (per 1,000 live births)",SH.DYN.MORT,2.8
Singapore,SGP,2012,"Mortality rate, under-5 (per 1,000 live births)",SH.DYN.MORT,2.8
Singapore,SGP,2011,"Mortality rate, under-5 (per 1,000 live births)",SH.DYN.MORT,2.8
Singapore,SGP,2010,"Mortality rate, under-5 (per 1,000 live births)",SH.DYN.MORT,2.8
Singapore,SGP,2009,"Mortality rate, under-5 (per 1,000 live births)",SH.DYN.MORT,2.8
Singapore,SGP,2008,"Mortality rate, under-5 (per 1,000 live births)",SH.DYN.MORT,2.8
Singapore,SGP,2007,"Mortality rate, under-5 (per 1,000 live births)",SH.DYN.MORT,2.9
Singapore,SGP,2006,"Mortality rate, under-5 (per 1,000 live births)",SH.DYN.MORT,2.9
Singapore,SGP,2005,"Mortality rate, under-5 (per 1,000 live births)",SH.DYN.MORT,3
Singapore,SGP,2004,"Mortality rate, under-5 (per 1,000 live births)",SH.DYN.MORT,3.1
Singapore,SGP,2003,"Mortality rate, under-5 (per 1,000 live births)",SH.DYN.MORT,3.2
Singapore,SGP,2002,"Mortality rate, under-5 (per 1,000 live births)",SH.DYN.MORT,3.4
Singapore,SGP,2001,"Mortality rate, under-5 (per 1,000 live births)",SH.DYN.MORT,3.6
Singapore,SGP,2000,"Mortality rate, under-5 (per 1,000 live births)",SH.DYN.MORT,3.8
Singapore,SGP,1999,"Mortality rate, under-5 (per 1,000 live births)",SH.DYN.MORT,4.1
Singapore,SGP,1998,"Mortality rate, under-5 (per 1,000 live births)",SH.DYN.MORT,4.4
Singapore,SGP,1997,"Mortality rate, under-5 (per 1,000 live births)",SH.DYN.MORT,4.6
Singapore,SGP,1996,"Mortality rate, under-5 (per 1,000 live births)",SH.DYN.MORT,4.8
Singapore,SGP,1995,"Mortality rate, under-5 (per 1,000 live births)",SH.DYN.MORT,5.1
Singapore,SGP,1994,"Mortality rate, under-5 (per 1,000 live births)",SH.DYN.MORT,5.4
Singapore,SGP,1993,"Mortality rate, under-5 (per 1,000 live births)",SH.DYN.MORT,5.8
Singapore,SGP,1992,"Mortality rate, under-5 (per 1,000 live births)",SH.DYN.MORT,6.3
Singapore,SGP,1991,"Mortality rate, under-5 (per 1,000 live births)",SH.DYN.MORT,7
Singapore,SGP,1990,"Mortality rate, under-5 (per 1,000 live births)",SH.DYN.MORT,7.7
Singapore,SGP,1989,"Mortality rate, under-5 (per 1,000 live births)",SH.DYN.MORT,8.4
Singapore,SGP,1988,"Mortality rate, under-5 (per 1,000 live births)",SH.DYN.MORT,9.1
Singapore,SGP,1987,"Mortality rate, under-5 (per 1,000 live births)",SH.DYN.MORT,9.7
Singapore,SGP,1986,"Mortality rate, under-5 (per 1,000 live births)",SH.DYN.MORT,10.3
Singapore,SGP,1985,"Mortality rate, under-5 (per 1,000 live births)",SH.DYN.MORT,10.9
Singapore,SGP,1984,"Mortality rate, under-5 (per 1,000 live births)",SH.DYN.MORT,11.6
Singapore,SGP,1983,"Mortality rate, under-5 (per 1,000 live births)",SH.DYN.MORT,12.3
Singapore,SGP,1982,"Mortality rate, under-5 (per 1,000 live births)",SH.DYN.MORT,13.2
Singapore,SGP,1981,"Mortality rate, under-5 (per 1,000 live births)",SH.DYN.MORT,14
Singapore,SGP,1980,"Mortality rate, under-5 (per 1,000 live births)",SH.DYN.MORT,14.6
Singapore,SGP,1979,"Mortality rate, under-5 (per 1,000 live births)",SH.DYN.MORT,14.9
Singapore,SGP,1978,"Mortality rate, under-5 (per 1,000 live births)",SH.DYN.MORT,15.1
Singapore,SGP,1977,"Mortality rate, under-5 (per 1,000 live births)",SH.DYN.MORT,15.4
Singapore,SGP,1976,"Mortality rate, under-5 (per 1,000 live births)",SH.DYN.MORT,16.1
Singapore,SGP,1975,"Mortality rate, under-5 (per 1,000 live births)",SH.DYN.MORT,17.5
Singapore,SGP,1974,"Mortality rate, under-5 (per 1,000 live births)",SH.DYN.MORT,19.5
Singapore,SGP,1973,"Mortality rate, under-5 (per 1,000 live births)",SH.DYN.MORT,21.8
Singapore,SGP,1972,"Mortality rate, under-5 (per 1,000 live births)",SH.DYN.MORT,23.9
Singapore,SGP,1971,"Mortality rate, under-5 (per 1,000 live births)",SH.DYN.MORT,25.6
Singapore,SGP,1970,"Mortality rate, under-5 (per 1,000 live births)",SH.DYN.MORT,27.1
Singapore,SGP,1969,"Mortality rate, under-5 (per 1,000 live births)",SH.DYN.MORT,28.6
Singapore,SGP,1968,"Mortality rate, under-5 (per 1,000 live births)",SH.DYN.MORT,30.1
Singapore,SGP,1967,"Mortality rate, under-5 (per 1,000 live births)",SH.DYN.MORT,31.8
Singapore,SGP,1966,"Mortality rate, under-5 (per 1,000 live births)",SH.DYN.MORT,33.4
Singapore,SGP,1965,"Mortality rate, under-5 (per 1,000 live births)",SH.DYN.MORT,35
Singapore,SGP,1964,"Mortality rate, under-5 (per 1,000 live births)",SH.DYN.MORT,36.4
Singapore,SGP,1963,"Mortality rate, under-5 (per 1,000 live births)",SH.DYN.MORT,38.1
Singapore,SGP,1962,"Mortality rate, under-5 (per 1,000 live births)",SH.DYN.MORT,40.5
Singapore,SGP,1961,"Mortality rate, under-5 (per 1,000 live births)",SH.DYN.MORT,43.7
Singapore,SGP,1960,"Mortality rate, under-5 (per 1,000 live births)",SH.DYN.MORT,47.7
Singapore,SGP,2016,"Community health workers (per 1,000 people)",SH.MED.CMHW.P3,0.503
Singapore,SGP,2013,"Community health workers (per 1,000 people)",SH.MED.CMHW.P3,0.399
Singapore,SGP,2012,"Community health workers (per 1,000 people)",SH.MED.CMHW.P3,0.402
Singapore,SGP,2000,"Prevalence of underweight, weight for age (% of children under 5)",SH.STA.MALN.ZS,3.3
Singapore,SGP,2023,Population growth (annual %),SP.POP.GROW,4.85831607781442
Singapore,SGP,2022,Population growth (annual %),SP.POP.GROW,3.30862052439523
Singapore,SGP,2021,Population growth (annual %),SP.POP.GROW,-4.17033630017526
Singapore,SGP,2020,Population growth (annual %),SP.POP.GROW,-0.311904961250833
Singapore,SGP,2019,Population growth (annual %),SP.POP.GROW,1.14428330688929
Singapore,SGP,2018,Population growth (annual %),SP.POP.GROW,0.469704298714121
Singapore,SGP,2017,Population growth (annual %),SP.POP.GROW,0.0885954699924263
Singapore,SGP,2016,Population growth (annual %),SP.POP.GROW,1.29743609938602
Singapore,SGP,2015,Population growth (annual %),SP.POP.GROW,1.18637693749822
Singapore,SGP,2014,Population growth (annual %),SP.POP.GROW,1.29844017799226
Singapore,SGP,2013,Population growth (annual %),SP.POP.GROW,1.61930809858875
Singapore,SGP,2012,Population growth (annual %),SP.POP.GROW,2.45339033031018
Singapore,SGP,2011,Population growth (annual %),SP.POP.GROW,2.08490245606007
Singapore,SGP,2010,Population growth (annual %),SP.POP.GROW,1.77183287926401
Singapore,SGP,2009,Population growth (annual %),SP.POP.GROW,3.0159499147579
Singapore,SGP,2008,Population growth (annual %),SP.POP.GROW,5.32151708302623
Singapore,SGP,2007,Population growth (annual %),SP.POP.GROW,4.16600286360933
Singapore,SGP,2006,Population growth (annual %),SP.POP.GROW,3.1293891560754
Singapore,SGP,2005,Population growth (annual %),SP.POP.GROW,2.35051128857175
Singapore,SGP,2004,Population growth (annual %),SP.POP.GROW,1.2519166730553
Singapore,SGP,2003,Population growth (annual %),SP.POP.GROW,-1.47453284191939
Singapore,SGP,2002,Population growth (annual %),SP.POP.GROW,0.912639805776796
Singapore,SGP,2001,Population growth (annual %),SP.POP.GROW,2.69735584326358
Singapore,SGP,2000,Population growth (annual %),SP.POP.GROW,1.73204223254257
Singapore,SGP,1999,Population growth (annual %),SP.POP.GROW,0.799148451003927
Singapore,SGP,1998,Population growth (annual %),SP.POP.GROW,3.39721227677289
Singapore,SGP,1997,Population growth (annual %),SP.POP.GROW,3.35744219516066
Singapore,SGP,1996,Population growth (annual %),SP.POP.GROW,4.06431846839031
Singapore,SGP,1995,Population growth (annual %),SP.POP.GROW,3.03781348481124
Singapore,SGP,1994,Population growth (annual %),SP.POP.GROW,3.13658693183625
Singapore,SGP,1993,Population growth (annual %),SP.POP.GROW,2.5298067473268
Singapore,SGP,1992,Population growth (annual %),SP.POP.GROW,3.00425639462047
Singapore,SGP,1991,Population growth (annual %),SP.POP.GROW,2.84548286486563
Singapore,SGP,1990,Population growth (annual %),SP.POP.GROW,3.88909360745296
Singapore,SGP,1989,Population growth (annual %),SP.POP.GROW,2.93574373454983
Singapore,SGP,1988,Population growth (annual %),SP.POP.GROW,2.53777386733667
Singapore,SGP,1987,Population growth (annual %),SP.POP.GROW,1.50383305795572
Singapore,SGP,1986,Population growth (annual %),SP.POP.GROW,-0.0944905570612704
Singapore,SGP,1985,Population growth (annual %),SP.POP.GROW,0.136645170706526
Singapore,SGP,1984,Population growth (annual %),SP.POP.GROW,1.89022198562678
Singapore,SGP,1983,Population growth (annual %),SP.POP.GROW,1.29874466224405
Singapore,SGP,1982,Population growth (annual %),SP.POP.GROW,4.38859363289509
Singapore,SGP,1981,Population growth (annual %),SP.POP.GROW,4.80768900934127
Singapore,SGP,1980,Population growth (annual %),SP.POP.GROW,1.26923429916508
Singapore,SGP,1979,Population growth (annual %),SP.POP.GROW,1.26239247977074
Singapore,SGP,1978,Population growth (annual %),SP.POP.GROW,1.20970078915976
Singapore,SGP,1977,Population growth (annual %),SP.POP.GROW,1.38572346856491
Singapore,SGP,1976,Population growth (annual %),SP.POP.GROW,1.347723377756
Singapore,SGP,1975,Population growth (annual %),SP.POP.GROW,1.46026991588953
Singapore,SGP,1974,Population growth (annual %),SP.POP.GROW,1.6641425915583
Singapore,SGP,1973,Population growth (annual %),SP.POP.GROW,1.86869708026235
Singapore,SGP,1972,Population growth (annual %),SP.POP.GROW,1.85220871957903
Singapore,SGP,1971,Population growth (annual %),SP.POP.GROW,1.83378763451827
Singapore,SGP,1970,Population growth (annual %),SP.POP.GROW,1.55489873401336
Singapore,SGP,1969,Population growth (annual %),SP.POP.GROW,1.50452955145281
Singapore,SGP,1968,Population growth (annual %),SP.POP.GROW,1.72452639562583
Singapore,SGP,1967,Population growth (annual %),SP.POP.GROW,2.20867874028433
Singapore,SGP,1966,Population growth (annual %),SP.POP.GROW,2.48619300668598
Singapore,SGP,1965,Population growth (annual %),SP.POP.GROW,2.43005118260502
Singapore,SGP,1964,Population growth (annual %),SP.POP.GROW,2.56297370452389
Singapore,SGP,1963,Population growth (annual %),SP.POP.GROW,2.52749548206484
Singapore,SGP,1962,Population growth (annual %),SP.POP.GROW,2.76910469544055
Singapore,SGP,1961,Population growth (annual %),SP.POP.GROW,3.34479340675401
Singapore,SGP,2023,"Population, total",SP.POP.TOTL,5917648
Singapore,SGP,2022,"Population, total",SP.POP.TOTL,5637022
Singapore,SGP,2021,"Population, total",SP.POP.TOTL,5453566
Singapore,SGP,2020,"Population, total",SP.POP.TOTL,5685807
Singapore,SGP,2019,"Population, total",SP.POP.TOTL,5703569
Singapore,SGP,2018,"Population, total",SP.POP.TOTL,5638676
Singapore,SGP,2017,"Population, total",SP.POP.TOTL,5612253
Singapore,SGP,2016,"Population, total",SP.POP.TOTL,5607283
Singapore,SGP,2015,"Population, total",SP.POP.TOTL,5535002
Singapore,SGP,2014,"Population, total",SP.POP.TOTL,5469724
Singapore,SGP,2013,"Population, total",SP.POP.TOTL,5399162
Singapore,SGP,2012,"Population, total",SP.POP.TOTL,5312437
Singapore,SGP,2011,"Population, total",SP.POP.TOTL,5183688
Singapore,SGP,2010,"Population, total",SP.POP.TOTL,5076732
Singapore,SGP,2009,"Population, total",SP.POP.TOTL,4987573
Singapore,SGP,2008,"Population, total",SP.POP.TOTL,4839396
Singapore,SGP,2007,"Population, total",SP.POP.TOTL,4588599
Singapore,SGP,2006,"Population, total",SP.POP.TOTL,4401365
Singapore,SGP,2005,"Population, total",SP.POP.TOTL,4265762
Singapore,SGP,2004,"Population, total",SP.POP.TOTL,4166664
Singapore,SGP,2003,"Population, total",SP.POP.TOTL,4114826
Singapore,SGP,2002,"Population, total",SP.POP.TOTL,4175950
Singapore,SGP,2001,"Population, total",SP.POP.TOTL,4138012
Singapore,SGP,2000,"Population, total",SP.POP.TOTL,4027887
Singapore,SGP,1999,"Population, total",SP.POP.TOTL,3958723
Singapore,SGP,1998,"Population, total",SP.POP.TOTL,3927213
Singapore,SGP,1997,"Population, total",SP.POP.TOTL,3796038
Singapore,SGP,1996,"Population, total",SP.POP.TOTL,3670704
Singapore,SGP,1995,"Population, total",SP.POP.TOTL,3524506
Singapore,SGP,1994,"Population, total",SP.POP.TOTL,3419048
Singapore,SGP,1993,"Population, total",SP.POP.TOTL,3313471
Singapore,SGP,1992,"Population, total",SP.POP.TOTL,3230698
Singapore,SGP,1991,"Population, total",SP.POP.TOTL,3135083
Singapore,SGP,1990,"Population, total",SP.POP.TOTL,3047132
Singapore,SGP,1989,"Population, total",SP.POP.TOTL,2930901
Singapore,SGP,1988,"Population, total",SP.POP.TOTL,2846108
Singapore,SGP,1987,"Population, total",SP.POP.TOTL,2774789
Singapore,SGP,1986,"Population, total",SP.POP.TOTL,2733373
Singapore,SGP,1985,"Population, total",SP.POP.TOTL,2735957
Singapore,SGP,1984,"Population, total",SP.POP.TOTL,2732221
Singapore,SGP,1983,"Population, total",SP.POP.TOTL,2681061
Singapore,SGP,1982,"Population, total",SP.POP.TOTL,2646466
Singapore,SGP,1981,"Population, total",SP.POP.TOTL,2532835
Singapore,SGP,1980,"Population, total",SP.POP.TOTL,2413945
Singapore,SGP,1979,"Population, total",SP.POP.TOTL,2383500
Singapore,SGP,1978,"Population, total",SP.POP.TOTL,2353600
Singapore,SGP,1977,"Population, total",SP.POP.TOTL,2325300
Singapore,SGP,1976,"Population, total",SP.POP.TOTL,2293300
Singapore,SGP,1975,"Population, total",SP.POP.TOTL,2262600
Singapore,SGP,1974,"Population, total",SP.POP.TOTL,2229800
Singapore,SGP,1973,"Population, total",SP.POP.TOTL,2193000
Singapore,SGP,1972,"Population, total",SP.POP.TOTL,2152400
Singapore,SGP,1971,"Population, total",SP.POP.TOTL,2112900
Singapore,SGP,1970,"Population, total",SP.POP.TOTL,2074507
Singapore,SGP,1969,"Population, total",SP.POP.TOTL,2042500
Singapore,SGP,1968,"Population, total",SP.POP.TOTL,2012000
Singapore,SGP,1967,"Population, total",SP.POP.TOTL,1977600
Singapore,SGP,1966,"Population, total",SP.POP.TOTL,1934400
Singapore,SGP,1965,"Population, total",SP.POP.TOTL,1886900
Singapore,SGP,1964,"Population, total",SP.POP.TOTL,1841600
Singapore,SGP,1963,"Population, total",SP.POP.TOTL,1795000
Singapore,SGP,1962,"Population, total",SP.POP.TOTL,1750200
Singapore,SGP,1961,"Population, total",SP.POP.TOTL,1702400
Singapore,SGP,1960,"Population, total",SP.POP.TOTL,1646400
Singapore,SGP,2023,Urban population growth (annual %),SP.URB.GROW,4.85831607781442
Singapore,SGP,2022,Urban population growth (annual %),SP.URB.GROW,3.30862052439523
Singapore,SGP,2021,Urban population growth (annual %),SP.URB.GROW,-4.17033630017526
Singapore,SGP,2020,Urban population growth (annual %),SP.URB.GROW,-0.311904961250821
Singapore,SGP,2019,Urban population growth (annual %),SP.URB.GROW,1.14428330688929
Singapore,SGP,2018,Urban population growth (annual %),SP.URB.GROW,0.469704298714121
Singapore,SGP,2017,Urban population growth (annual %),SP.URB.GROW,0.0885954699924485
Singapore,SGP,2016,Urban population growth (annual %),SP.URB.GROW,1.29743609938602
Singapore,SGP,2015,Urban population growth (annual %),SP.URB.GROW,1.18637693749822
Singapore,SGP,2014,Urban population growth (annual %),SP.URB.GROW,1.29844017799226
Singapore,SGP,2013,Urban population growth (annual %),SP.URB.GROW,1.61930809858873
Singapore,SGP,2012,Urban population growth (annual %),SP.URB.GROW,2.4533903303102
Singapore,SGP,2011,Urban population growth (annual %),SP.URB.GROW,2.08490245606007
Singapore,SGP,2010,Urban population growth (annual %),SP.URB.GROW,1.77183287926401
Singapore,SGP,2009,Urban population growth (annual %),SP.URB.GROW,3.01594991475788
Singapore,SGP,2008,Urban population growth (annual %),SP.URB.GROW,5.32151708302625
Singapore,SGP,2007,Urban population growth (annual %),SP.URB.GROW,4.16600286360931
Singapore,SGP,2006,Urban population growth (annual %),SP.URB.GROW,3.1293891560754
Singapore,SGP,2005,Urban population growth (annual %),SP.URB.GROW,2.35051128857175
Singapore,SGP,2004,Urban population growth (annual %),SP.URB.GROW,1.2519166730553
Singapore,SGP,2003,Urban population growth (annual %),SP.URB.GROW,-1.4745328419194
Singapore,SGP,2002,Urban population growth (annual %),SP.URB.GROW,0.912639805776796
Singapore,SGP,2001,Urban population growth (annual %),SP.URB.GROW,2.6973558432636
Singapore,SGP,2000,Urban population growth (annual %),SP.URB.GROW,1.73204223254257
Singapore,SGP,1999,Urban population growth (annual %),SP.URB.GROW,0.799148451003949
Singapore,SGP,1998,Urban population growth (annual %),SP.URB.GROW,3.39721227677287
Singapore,SGP,1997,Urban population growth (annual %),SP.URB.GROW,3.35744219516066
Singapore,SGP,1996,Urban population growth (annual %),SP.URB.GROW,4.06431846839029
Singapore,SGP,1995,Urban population growth (annual %),SP.URB.GROW,3.03781348481124
Singapore,SGP,1994,Urban population growth (annual %),SP.URB.GROW,3.13658693183625
Singapore,SGP,1993,Urban population growth (annual %),SP.URB.GROW,2.5298067473268
Singapore,SGP,1992,Urban population growth (annual %),SP.URB.GROW,3.00425639462047
Singapore,SGP,1991,Urban population growth (annual %),SP.URB.GROW,2.84548286486563
Singapore,SGP,1990,Urban population growth (annual %),SP.URB.GROW,3.88909360745296
Singapore,SGP,1989,Urban population growth (annual %),SP.URB.GROW,2.93574373454983
Singapore,SGP,1988,Urban population growth (annual %),SP.URB.GROW,2.53777386733667
Singapore,SGP,1987,Urban population growth (annual %),SP.URB.GROW,1.5038330579557
Singapore,SGP,1986,Urban population growth (annual %),SP.URB.GROW,-0.0944905570612704
Singapore,SGP,1985,Urban population growth (annual %),SP.URB.GROW,0.136645170706526
Singapore,SGP,1984,Urban population growth (annual %),SP.URB.GROW,1.8902219856268
Singapore,SGP,1983,Urban population growth (annual %),SP.URB.GROW,1.29874466224405
Singapore,SGP,1982,Urban population growth (annual %),SP.URB.GROW,4.38859363289512
Singapore,SGP,1981,Urban population growth (annual %),SP.URB.GROW,4.80768900934127
Singapore,SGP,1980,Urban population growth (annual %),SP.URB.GROW,1.26923429916508
Singapore,SGP,1979,Urban population growth (annual %),SP.URB.GROW,1.26239247977074
Singapore,SGP,1978,Urban population growth (annual %),SP.URB.GROW,1.20970078915976
Singapore,SGP,1977,Urban population growth (annual %),SP.URB.GROW,1.38572346856491
Singapore,SGP,1976,Urban population growth (annual %),SP.URB.GROW,1.34772337775598
Singapore,SGP,1975,Urban population growth (annual %),SP.URB.GROW,1.46026991588953
Singapore,SGP,1974,Urban population growth (annual %),SP.URB.GROW,1.6641425915583
Singapore,SGP,1973,Urban population growth (annual %),SP.URB.GROW,1.86869708026237
Singapore,SGP,1972,Urban population growth (annual %),SP.URB.GROW,1.85220871957903
Singapore,SGP,1971,Urban population growth (annual %),SP.URB.GROW,1.83378763451827
Singapore,SGP,1970,Urban population growth (annual %),SP.URB.GROW,1.55489873401336
Singapore,SGP,1969,Urban population growth (annual %),SP.URB.GROW,1.50452955145281
Singapore,SGP,1968,Urban population growth (annual %),SP.URB.GROW,1.72452639562583
Singapore,SGP,1967,Urban population growth (annual %),SP.URB.GROW,2.20867874028435
Singapore,SGP,1966,Urban population growth (annual %),SP.URB.GROW,2.48619300668598
Singapore,SGP,1965,Urban population growth (annual %),SP.URB.GROW,2.43005118260502
Singapore,SGP,1964,Urban population growth (annual %),SP.URB.GROW,2.56297370452389
Singapore,SGP,1963,Urban population growth (annual %),SP.URB.GROW,2.52749548206484
Singapore,SGP,1962,Urban population growth (annual %),SP.URB.GROW,2.76910469544055
Singapore,SGP,1961,Urban population growth (annual %),SP.URB.GROW,3.34479340675401
Singapore,SGP,2023,Urban population,SP.URB.TOTL,5917648
Singapore,SGP,2022,Urban population,SP.URB.TOTL,5637022
Singapore,SGP,2021,Urban population,SP.URB.TOTL,5453566
Singapore,SGP,2020,Urban population,SP.URB.TOTL,5685807
Singapore,SGP,2019,Urban population,SP.URB.TOTL,5703569
Singapore,SGP,2018,Urban population,SP.URB.TOTL,5638676
Singapore,SGP,2017,Urban population,SP.URB.TOTL,5612253
Singapore,SGP,2016,Urban population,SP.URB.TOTL,5607283
Singapore,SGP,2015,Urban population,SP.URB.TOTL,5535002
Singapore,SGP,2014,Urban population,SP.URB.TOTL,5469724
Singapore,SGP,2013,Urban population,SP.URB.TOTL,5399162
Singapore,SGP,2012,Urban population,SP.URB.TOTL,5312437
Singapore,SGP,2011,Urban population,SP.URB.TOTL,5183688
Singapore,SGP,2010,Urban population,SP.URB.TOTL,5076732
Singapore,SGP,2009,Urban population,SP.URB.TOTL,4987573
Singapore,SGP,2008,Urban population,SP.URB.TOTL,4839396
Singapore,SGP,2007,Urban population,SP.URB.TOTL,4588599
Singapore,SGP,2006,Urban population,SP.URB.TOTL,4401365
Singapore,SGP,2005,Urban population,SP.URB.TOTL,4265762
Singapore,SGP,2004,Urban population,SP.URB.TOTL,4166664
Singapore,SGP,2003,Urban population,SP.URB.TOTL,4114826
Singapore,SGP,2002,Urban population,SP.URB.TOTL,4175950
Singapore,SGP,2001,Urban population,SP.URB.TOTL,4138012
Singapore,SGP,2000,Urban population,SP.URB.TOTL,4027887
Singapore,SGP,1999,Urban population,SP.URB.TOTL,3958723
Singapore,SGP,1998,Urban population,SP.URB.TOTL,3927213
Singapore,SGP,1997,Urban population,SP.URB.TOTL,3796038
Singapore,SGP,1996,Urban population,SP.URB.TOTL,3670704
Singapore,SGP,1995,Urban population,SP.URB.TOTL,3524506
Singapore,SGP,1994,Urban population,SP.URB.TOTL,3419048
Singapore,SGP,1993,Urban population,SP.URB.TOTL,3313471
Singapore,SGP,1992,Urban population,SP.URB.TOTL,3230698
Singapore,SGP,1991,Urban population,SP.URB.TOTL,3135083
Singapore,SGP,1990,Urban population,SP.URB.TOTL,3047132
Singapore,SGP,1989,Urban population,SP.URB.TOTL,2930901
Singapore,SGP,1988,Urban population,SP.URB.TOTL,2846108
Singapore,SGP,1987,Urban population,SP.URB.TOTL,2774789
Singapore,SGP,1986,Urban population,SP.URB.TOTL,2733373
Singapore,SGP,1985,Urban population,SP.URB.TOTL,2735957
Singapore,SGP,1984,Urban population,SP.URB.TOTL,2732221
Singapore,SGP,1983,Urban population,SP.URB.TOTL,2681061
Singapore,SGP,1982,Urban population,SP.URB.TOTL,2646466
Singapore,SGP,1981,Urban population,SP.URB.TOTL,2532835
Singapore,SGP,1980,Urban population,SP.URB.TOTL,2413945
Singapore,SGP,1979,Urban population,SP.URB.TOTL,2383500
Singapore,SGP,1978,Urban population,SP.URB.TOTL,2353600
Singapore,SGP,1977,Urban population,SP.URB.TOTL,2325300
Singapore,SGP,1976,Urban population,SP.URB.TOTL,2293300
Singapore,SGP,1975,Urban population,SP.URB.TOTL,2262600
Singapore,SGP,1974,Urban population,SP.URB.TOTL,2229800
Singapore,SGP,1973,Urban population,SP.URB.TOTL,2193000
Singapore,SGP,1972,Urban population,SP.URB.TOTL,2152400
Singapore,SGP,1971,Urban population,SP.URB.TOTL,2112900
Singapore,SGP,1970,Urban population,SP.URB.TOTL,2074507
Singapore,SGP,1969,Urban population,SP.URB.TOTL,2042500
Singapore,SGP,1968,Urban population,SP.URB.TOTL,2012000
Singapore,SGP,1967,Urban population,SP.URB.TOTL,1977600
Singapore,SGP,1966,Urban population,SP.URB.TOTL,1934400
Singapore,SGP,1965,Urban population,SP.URB.TOTL,1886900
Singapore,SGP,1964,Urban population,SP.URB.TOTL,1841600
Singapore,SGP,1963,Urban population,SP.URB.TOTL,1795000
Singapore,SGP,1962,Urban population,SP.URB.TOTL,1750200
Singapore,SGP,1961,Urban population,SP.URB.TOTL,1702400
Singapore,SGP,1960,Urban population,SP.URB.TOTL,1646400
Singapore,SGP,2023,Urban population (% of total population),SP.URB.TOTL.IN.ZS,100
Singapore,SGP,2022,Urban population (% of total population),SP.URB.TOTL.IN.ZS,100
Singapore,SGP,2021,Urban population (% of total population),SP.URB.TOTL.IN.ZS,100
Singapore,SGP,2020,Urban population (% of total population),SP.URB.TOTL.IN.ZS,100
Singapore,SGP,2019,Urban population (% of total population),SP.URB.TOTL.IN.ZS,100
Singapore,SGP,2018,Urban population (% of total population),SP.URB.TOTL.IN.ZS,100
Singapore,SGP,2017,Urban population (% of total population),SP.URB.TOTL.IN.ZS,100
Singapore,SGP,2016,Urban population (% of total population),SP.URB.TOTL.IN.ZS,100
Singapore,SGP,2015,Urban population (% of total population),SP.URB.TOTL.IN.ZS,100
Singapore,SGP,2014,Urban population (% of total population),SP.URB.TOTL.IN.ZS,100
Singapore,SGP,2013,Urban population (% of total population),SP.URB.TOTL.IN.ZS,100
Singapore,SGP,2012,Urban population (% of total population),SP.URB.TOTL.IN.ZS,100
Singapore,SGP,2011,Urban population (% of total population),SP.URB.TOTL.IN.ZS,100
Singapore,SGP,2010,Urban population (% of total population),SP.URB.TOTL.IN.ZS,100
Singapore,SGP,2009,Urban population (% of total population),SP.URB.TOTL.IN.ZS,100
Singapore,SGP,2008,Urban population (% of total population),SP.URB.TOTL.IN.ZS,100
Singapore,SGP,2007,Urban population (% of total population),SP.URB.TOTL.IN.ZS,100
Singapore,SGP,2006,Urban population (% of total population),SP.URB.TOTL.IN.ZS,100
Singapore,SGP,2005,Urban population (% of total population),SP.URB.TOTL.IN.ZS,100
Singapore,SGP,2004,Urban population (% of total population),SP.URB.TOTL.IN.ZS,100
Singapore,SGP,2003,Urban population (% of total population),SP.URB.TOTL.IN.ZS,100
Singapore,SGP,2002,Urban population (% of total population),SP.URB.TOTL.IN.ZS,100
Singapore,SGP,2001,Urban population (% of total population),SP.URB.TOTL.IN.ZS,100
Singapore,SGP,2000,Urban population (% of total population),SP.URB.TOTL.IN.ZS,100
Singapore,SGP,1999,Urban population (% of total population),SP.URB.TOTL.IN.ZS,100
Singapore,SGP,1998,Urban population (% of total population),SP.URB.TOTL.IN.ZS,100
Singapore,SGP,1997,Urban population (% of total population),SP.URB.TOTL.IN.ZS,100
Singapore,SGP,1996,Urban population (% of total population),SP.URB.TOTL.IN.ZS,100
Singapore,SGP,1995,Urban population (% of total population),SP.URB.TOTL.IN.ZS,100
Singapore,SGP,1994,Urban population (% of total population),SP.URB.TOTL.IN.ZS,100
Singapore,SGP,1993,Urban population (% of total population),SP.URB.TOTL.IN.ZS,100
Singapore,SGP,1992,Urban population (% of total population),SP.URB.TOTL.IN.ZS,100
Singapore,SGP,1991,Urban population (% of total population),SP.URB.TOTL.IN.ZS,100
Singapore,SGP,1990,Urban population (% of total population),SP.URB.TOTL.IN.ZS,100
Singapore,SGP,1989,Urban population (% of total population),SP.URB.TOTL.IN.ZS,100
Singapore,SGP,1988,Urban population (% of total population),SP.URB.TOTL.IN.ZS,100
Singapore,SGP,1987,Urban population (% of total population),SP.URB.TOTL.IN.ZS,100
Singapore,SGP,1986,Urban population (% of total population),SP.URB.TOTL.IN.ZS,100
Singapore,SGP,1985,Urban population (% of total population),SP.URB.TOTL.IN.ZS,100
Singapore,SGP,1984,Urban population (% of total population),SP.URB.TOTL.IN.ZS,100
Singapore,SGP,1983,Urban population (% of total population),SP.URB.TOTL.IN.ZS,100
Singapore,SGP,1982,Urban population (% of total population),SP.URB.TOTL.IN.ZS,100
Singapore,SGP,1981,Urban population (% of total population),SP.URB.TOTL.IN.ZS,100
Singapore,SGP,1980,Urban population (% of total population),SP.URB.TOTL.IN.ZS,100
Singapore,SGP,1979,Urban population (% of total population),SP.URB.TOTL.IN.ZS,100
Singapore,SGP,1978,Urban population (% of total population),SP.URB.TOTL.IN.ZS,100
Singapore,SGP,1977,Urban population (% of total population),SP.URB.TOTL.IN.ZS,100
Singapore,SGP,1976,Urban population (% of total population),SP.URB.TOTL.IN.ZS,100
Singapore,SGP,1975,Urban population (% of total population),SP.URB.TOTL.IN.ZS,100
Singapore,SGP,1974,Urban population (% of total population),SP.URB.TOTL.IN.ZS,100
Singapore,SGP,1973,Urban population (% of total population),SP.URB.TOTL.IN.ZS,100
Singapore,SGP,1972,Urban population (% of total population),SP.URB.TOTL.IN.ZS,100
Singapore,SGP,1971,Urban population (% of total population),SP.URB.TOTL.IN.ZS,100
Singapore,SGP,1970,Urban population (% of total population),SP.URB.TOTL.IN.ZS,100
Singapore,SGP,1969,Urban population (% of total population),SP.URB.TOTL.IN.ZS,100
Singapore,SGP,1968,Urban population (% of total population),SP.URB.TOTL.IN.ZS,100
Singapore,SGP,1967,Urban population (% of total population),SP.URB.TOTL.IN.ZS,100
Singapore,SGP,1966,Urban population (% of total population),SP.URB.TOTL.IN.ZS,100
Singapore,SGP,1965,Urban population (% of total population),SP.URB.TOTL.IN.ZS,100
Singapore,SGP,1964,Urban population (% of total population),SP.URB.TOTL.IN.ZS,100
Singapore,SGP,1963,Urban population (% of total population),SP.URB.TOTL.IN.ZS,100
Singapore,SGP,1962,Urban population (% of total population),SP.URB.TOTL.IN.ZS,100
Singapore,SGP,1961,Urban population (% of total population),SP.URB.TOTL.IN.ZS,100
Singapore,SGP,1960,Urban population (% of total population),SP.URB.TOTL.IN.ZS,100
